V1;V2;V3;V4;V5;V6;V7;V8;V9;V10;V11;V12;V13;V14;V15;V16;V17;V18;V19;V20
0,28731;0,16849;0,2531;0,30764;0,2828;0,67482;0,73018;0,32255;0,43463;0,72269;0,76123;0,5629;0,53535;0,67155;0,72853;0,22086;0,21585;0,27678;0,26625;1
0,32817;0,24423;0,1685;0,36899;0,3076;0,74237;0,67482;0,34452;0,32255;0,82665;0,72269;0,66773;0,5629;0,7067;0,67155;0,22689;0,22086;0,29174;0,27678;1
0,31032;0,21097;0,2442;0,39422;0,369;0,65082;0,74237;0,32466;0,34452;0,78961;0,82665;0,62986;0,66773;0,67541;0,7067;0,2329;0,22689;0,29986;0,29174;1
0,3198;0,20581;0,211;0,4193;0,3942;0,6671;0,65082;0,35415;0,32466;0,79564;0,78961;0,68009;0,62986;0,67022;0,67541;0,23923;0,2329;0,30683;0,29986;1
0,323;0,17999;0,2058;0,44067;0,4193;0,67933;0,6671;0,39445;0,35415;0,78764;0,79564;0,69956;0,68009;0,64585;0,67022;0,24543;0,23923;0,31372;0,30683;1
0,30995;0,08644;0,18;0,45017;0,4407;0,53076;0,67933;0,26562;0,39445;0,80773;0,78764;0,72281;0,69956;0,55199;0,64585;0,25059;0,24543;0,31825;0,31372;1
0,31291;0,06234;0,0864;0,44311;0,4502;0,58798;0,53076;0,3542;0,26562;0,75275;0,80773;0,55357;0,72281;0,57263;0,55199;0,25711;0,25059;0,3152;0,31825;1
0,31069;0,06149;0,0623;0,44647;0,4431;0,55579;0,58798;0,32527;0,3542;0,71981;0,75275;0,50759;0,55357;0,54706;0,57263;0,26183;0,25711;0,31527;0,3152;1
0,33346;0,11075;0,0615;0,46288;0,4465;0,60965;0,55579;0,35015;0,32527;0,82832;0,71981;0,581;0,50759;0,60112;0,54706;0,26688;0,26183;0,318;0,31527;1
0,35204;0,20751;0,1107;0,46612;0,4629;0,6968;0,60965;0,4913;0,35015;0,87001;0,82832;0,64722;0,581;0,69099;0,60112;0,27476;0,26688;0,32381;0,318;1
0,35819;0,24489;0,2075;0,45877;0,4661;0,70558;0,6968;0,46215;0,4913;0,85018;0,87001;0,57708;0,64722;0,72041;0,69099;0,28319;0,27476;0,33346;0,32381;1
0,37751;0,28649;0,2449;0,4656;0,4588;0,76492;0,70558;0,51704;0,46215;0,93667;0,85018;0,64726;0,57708;0,74903;0,72041;0,29173;0,28319;0,34638;0,33346;1
0,37025;0,19102;0,2865;0,42705;0,4656;0,68204;0,76492;0,43506;0,51704;0,91418;0,93667;0,61383;0,64726;0,68486;0,74903;0,30135;0,29173;0,35829;0,34638;1
0,39006;0,16895;0,191;0,38694;0,427;0,68528;0,68204;0,38489;0,43506;0,88445;0,91418;0,57431;0,61383;0,67301;0,68486;0,3117;0,30135;0,36961;0,35829;1
0,38206;0,1338;0,169;0,36093;0,3869;0,64639;0,68528;0,35644;0,38489;0,84242;0,88445;0,5259;0,57431;0,64292;0,67301;0,31985;0,3117;0,37561;0,36961;1
0,42303;0,23086;0,1338;0,36962;0,3609;0,70566;0,64639;0,35645;0,35644;0,88149;0,84242;0,54261;0,5259;0,68899;0,64292;0,32927;0,31985;0,38858;0,37561;1
0,45109;0,37532;0,2309;0,40583;0,3696;0,80258;0,70566;0,46372;0,35645;0,9018;0,88149;0,56191;0,54261;0,78831;0,68899;0,33915;0,32927;0,4033;0,38858;1
0,47225;0,43858;0,3753;0,45572;0,4058;0,80596;0,80258;0,4638;0,46372;0,91187;0,9018;0,53057;0,56191;0,83025;0,78831;0,34928;0,33915;0,4237;0,4033;1
0,45478;0,39959;0,4386;0,47936;0,4557;0,78013;0,80596;0,47169;0,4638;0,87462;0,91187;0,53083;0,53057;0,78831;0,83025;0,35777;0,34928;0,43664;0,4237;1
0,4517;0,19759;0,3996;0,49046;0,4794;0,65919;0,78013;0,36403;0,47169;0,87138;0,87462;0,55782;0,53083;0,64372;0,78831;0,36593;0,35777;0,45057;0,43664;1
0,49649;0,21855;0,1976;0,5246;0,4905;0,70465;0,65919;0,33347;0,36403;0,87743;0,87138;0,48317;0,55782;0,65371;0,64372;0,37639;0,36593;0,46526;0,45057;1
0,4629;0,20145;0,2186;0,54057;0,5246;0,55541;0,70465;0,24266;0,33347;0,85006;0,87743;0,49057;0,48317;0,60258;0,65371;0,38312;0,37639;0,46763;0,46526;1
0,4629;0,20013;0,2015;0,54021;0,5406;0,603;0,55541;0,28628;0,24266;0,83317;0,85006;0,47318;0,49057;0,60738;0,60258;0,39075;0,38312;0,46576;0,46763;1
0,4837;0,20285;0,2001;0,54852;0,5402;0,66808;0,603;0,39707;0,28628;0,86411;0,83317;0,50272;0,47318;0,61057;0,60738;0,39895;0,39075;0,47154;0,46576;1
0,47115;0,16162;0,2028;0,54245;0,5485;0,51199;0,66808;0,2768;0,39707;0,86525;0,86411;0,48831;0,50272;0,54533;0,61057;0,40636;0,39895;0,47543;0,47154;1
0,46278;0,09958;0,1616;0,51492;0,5425;0,58053;0,51199;0,40681;0,2768;0,84523;0,86525;0,51497;0,48831;0,58634;0,54533;0,414;0,40636;0,46868;0,47543;1
0,50375;0,19333;0,0996;0,49923;0,5149;0,69214;0,58053;0,44509;0,40681;0,92143;0,84523;0,5981;0,51497;0,64346;0,58634;0,42354;0,414;0,47685;0,46868;1
0,52209;0,27292;0,1933;0,47778;0,4992;0,68527;0,69214;0,40203;0,44509;0,91306;0,92143;0,50888;0,5981;0,69605;0,64346;0,43411;0,42354;0,48869;0,47685;1
0,49686;0,27334;0,2729;0,44535;0,4778;0,65087;0,68527;0,47506;0,40203;0,83559;0,91306;0,41869;0,50888;0,69751;0,69605;0,44228;0,43411;0,49133;0,48869;1
0,51458;0,25852;0,2733;0,42606;0,4453;0,72197;0,65087;0,47644;0,47506;0,8558;0,83559;0,44896;0,41869;0,68233;0,69751;0,45041;0,44228;0,50001;0,49133;0
0,48456;0,16389;0,2585;0,38649;0,4261;0,52873;0,72197;0,29422;0,47644;0,76883;0,8558;0,31818;0,44896;0,52803;0,68233;0,45672;0,45041;0,50437;0,50001;0
0,45896;0,28344;0,1639;0,3513;0,3865;0,40967;0,52873;0,22722;0,29422;0,73675;0,76883;0,31082;0,31818;0,42777;0,52803;0,4608;0,45672;0,49541;0,50437;0
0,44395;0,32175;0,2834;0,30241;0,3513;0,4371;0,40967;0,26402;0,22722;0,67548;0,73675;0,28682;0,31082;0,40301;0,42777;0,46448;0,4608;0,47978;0,49541;0
0,42882;0,38517;0,3218;0,27321;0,3024;0,34814;0,4371;0,1688;0,26402;0,66302;0,67548;0,30893;0,28682;0,34816;0,40301;0,46642;0,46448;0,46617;0,47978;0
0,4346;0,25136;0,3852;0,22528;0,2732;0,445;0,34814;0,34156;0,1688;0,60123;0,66302;0,23293;0,30893;0,43696;0,34816;0,46905;0,46642;0,45018;0,46617;0
0,43128;0,13593;0,2514;0,21936;0,2253;0,50543;0,445;0,44935;0,34156;0,54644;0,60123;0,17641;0,23293;0,50766;0,43696;0,46946;0,46905;0,43952;0,45018;0
0,40642;0,1541;0,1359;0,24816;0,2194;0,47849;0,50543;0,41664;0,44935;0,46631;0,54644;0,10845;0,17641;0,49913;0,50766;0,46723;0,46946;0,42901;0,43952;0
0,4127;0,13747;0,1541;0,26874;0,2482;0,53684;0,47849;0,50545;0,41664;0,50759;0,46631;0,16729;0,10845;0,51232;0,49913;0,46425;0,46723;0,42276;0,42901;1
0,42673;0,13493;0,1375;0,27776;0,2687;0,55937;0,53684;0,46048;0,50545;0,53742;0,50759;0,19224;0,16729;0,54054;0,51232;0,46285;0,46425;0,42235;0,42276;1
0,49034;0,37771;0,1349;0,28161;0,2778;0,74212;0,55937;0,53375;0,46048;0,57031;0,53742;0,21259;0,19224;0,72747;0,54054;0,46478;0,46285;0,43349;0,42235;1
0,52885;0,61407;0,3777;0,30185;0,2816;0,91575;0,74212;0,65426;0,53375;0,696;0,57031;0,32814;0,21259;0,92664;0,72747;0,4664;0,46478;0,45301;0,43349;1
0,55679;0,71449;0,6141;0,34818;0,3018;0,9748;0,91575;0,65427;0,65426;0,7447;0,696;0,37772;0,32814;1;0,92664;0,47109;0,4664;0,48308;0,45301;1
0,57401;0,66981;0,7145;0,40027;0,3482;0,98313;0,9748;0,64561;0,65427;0,73824;0,7447;0,34953;0,37772;0,96831;1;0,47665;0,47109;0,51534;0,48308;1
0,58361;0,42848;0,6698;0,45097;0,4003;0,83441;0,98313;0,44677;0,64561;0,77697;0,73824;0,37796;0,34953;0,82839;0,96831;0,48164;0,47665;0,54672;0,51534;1
0,59395;0,2881;0,4285;0,50016;0,451;0,75731;0,83441;0,29775;0,44677;0,8097;0,77697;0,41782;0,37796;0,74757;0,82839;0,48778;0,48164;0,56744;0,54672;1
0,56011;0,17444;0,2881;0,51639;0,5002;0,58985;0,75731;0,16372;0,29775;0,67897;0,8097;0,2618;0,41782;0,60644;0,74757;0,49265;0,48778;0,57369;0,56744;1
0,59259;0,15657;0,1744;0,55187;0,5164;0,63106;0,58985;0,18325;0,16372;0,7034;0,67897;0,28649;0,2618;0,59246;0,60644;0,49709;0,49265;0,58085;0,57369;0
0,55408;0,20844;0,1566;0,56114;0,5519;0,50113;0,63106;0,19359;0,18325;0,68052;0,7034;0,3273;0,28649;0,51232;0,59246;0,49869;0,49709;0,57687;0,58085;0
0,54251;0,26297;0,2084;0,56758;0,5611;0,4421;0,50113;0,20394;0,19359;0,62952;0,68052;0,27354;0,3273;0,45986;0,51232;0,50097;0,49869;0,56865;0,57687;0
0,53956;0,23812;0,263;0,57206;0,5676;0,52529;0,4421;0,35311;0,20394;0,67675;0,62952;0,3748;0,27354;0,47903;0,45986;0,50222;0,50097;0,55777;0,56865;0
0,52393;0,29169;0,2381;0,57234;0,5721;0,39561;0,52529;0,25099;0,35311;0,69432;0,67675;0,41245;0,3748;0,41339;0,47903;0,50419;0,50222;0,55054;0,55777;0
0,52504;0,14031;0,2917;0,5659;0,5723;0,50229;0,39561;0,39245;0,25099;0,72258;0,69432;0,48061;0,41245;0,49474;0,41339;0,50749;0,50419;0,53702;0,55054;0
0,55014;0,12578;0,1403;0,55595;0,5659;0,60152;0,50229;0,48756;0,39245;0,79307;0,72258;0,54389;0,48061;0,57848;0,49474;0,5128;0,50749;0,53624;0,53702;0
0,51803;0,14592;0,1258;0,52854;0,556;0,52254;0,60152;0,39011;0,48756;0,72677;0,79307;0,54069;0,54389;0,55945;0,57848;0,51726;0,5128;0,53134;0,53624;0
0,51667;0,15052;0,1459;0,50071;0,5285;0,56118;0,52254;0,49138;0,39011;0,73024;0,72677;0,58558;0,54069;0,55439;0,55945;0,52137;0,51726;0,52676;0,53134;0
0,53784;0,15836;0,1505;0,46603;0,5007;0,61556;0,56118;0,45971;0,49138;0,81109;0,73024;0,70984;0,58558;0,56917;0,55439;0,52669;0,52137;0,52954;0,52676;0
0,51052;0,18617;0,1584;0,39839;0,466;0,47363;0,61556;0,31523;0,45971;0,7522;0,81109;0,63248;0,70984;0,51338;0,56917;0,5319;0,52669;0,52664;0,52954;0
0,5104;0,12401;0,1862;0,32074;0,3984;0,56017;0,47363;0,41432;0,31523;0,72728;0,7522;0,59027;0,63248;0,55452;0,51338;0,53678;0,5319;0,51869;0,52664;0
0,49686;0,16637;0,124;0,24748;0,3207;0,52711;0,56017;0,37135;0,41432;0,59236;0,72728;0,46159;0,59027;0,50513;0,55452;0,54029;0,53678;0,51446;0,51869;0
0,44678;0,37959;0,1664;0,29146;0,2475;0,3342;0,52711;0,22347;0,37135;0,43861;0,59236;0,24869;0,46159;0,36586;0,50513;0,53811;0,54029;0,50048;0,51446;0
0,47238;0,31077;0,3796;0,31747;0,2915;0,47732;0,3342;0,39398;0,22347;0,43485;0,43861;0,20923;0,24869;0,42631;0,36586;0,53529;0,53811;0,48739;0,50048;0
0,46179;0,29167;0,3108;0,34398;0,3175;0,44893;0,47732;0,32513;0,39398;0,38694;0,43485;0,17766;0,20923;0,44601;0,42631;0,53054;0,53529;0,47764;0,48739;0
0,4458;0,23704;0,2917;0,36859;0,344;0,44211;0,44893;0,3408;0,32513;0,34285;0,38694;0,11522;0,17766;0,48342;0,44601;0,52413;0,53054;0,46472;0,47764;0
0,45109;0,12495;0,237;0,37346;0,3686;0,59261;0,44211;0,5475;0,3408;0,33432;0,34285;0,0844;0,11522;0,55825;0,48342;0,5175;0,52413;0,45557;0,46472;0
0,44777;0,12284;0,1249;0,36252;0,3735;0,51387;0,59261;0,4137;0,5475;0,38653;0,33432;0,22184;0,0844;0,51285;0,55825;0,51019;0,5175;0,45576;0,45557;0
0,46278;0,08598;0,1228;0,35862;0,3625;0,58354;0,51387;0,47264;0,4137;0,35682;0,38653;0,18085;0,22184;0,58195;0,51285;0,50533;0,51019;0,45385;0,45576;0
0,48431;0,17779;0,086;0,31347;0,3586;0,6859;0,58354;0,53826;0,47264;0,46018;0,35682;0,2768;0,18085;0,67368;0,58195;0,49991;0,50533;0,45835;0,45385;0
0,49059;0,2169;0,1778;0,29397;0,3135;0,68854;0,6859;0,44918;0,53826;0,491;0,46018;0,33893;0,2768;0,7027;0,67368;0,49674;0,49991;0,46731;0,45835;0
0,47644;0,19271;0,2169;0,28118;0,294;0,65904;0,68854;0,47882;0,44918;0,47157;0,491;0,28833;0,33893;0,66982;0,7027;0,49344;0,49674;0,47238;0,46731;0
0,46081;0,14478;0,1927;0,27159;0,2812;0,5755;0,65904;0,38694;0,47882;0,47145;0,47157;0,27497;0,28833;0,5649;0,66982;0,4895;0,49344;0,47498;0,47238;0
0,44088;0,22452;0,1448;0,27745;0,2716;0,46273;0,5755;0,25853;0,38694;0,43494;0,47145;0,2259;0,27497;0,45147;0,5649;0,48535;0,4895;0,4706;0,47498;0
0,44481;0,23609;0,2245;0,27567;0,2774;0,45643;0,46273;0,2532;0,25853;0,39854;0,43494;0,14547;0,2259;0,44015;0,45147;0,48133;0,48535;0,4627;0,4706;0
0,45724;0,15679;0,2361;0,24163;0,2757;0,52863;0,45643;0,31384;0,2532;0,47546;0,39854;0,25357;0,14547;0,51884;0,44015;0,47669;0,48133;0,45604;0,4627;0
0,45749;0,09592;0,1568;0,22931;0,2416;0,57181;0,52863;0,38955;0,31384;0,47823;0,47546;0,25306;0,25357;0,5882;0,51884;0,47366;0,47669;0,45225;0,45604;0
0,44481;0,08391;0,0959;0,2185;0,2293;0,5916;0,57181;0,46916;0,38955;0,41971;0,47823;0,14809;0,25306;0,59992;0,5882;0,47007;0,47366;0,44905;0,45225;0
0,45293;0,06747;0,0839;0,17404;0,2185;0,60301;0,5916;0,47981;0,46916;0,48096;0,41971;0,23863;0,14809;0,58181;0,59992;0,46582;0,47007;0,45146;0,44905;0
0,42943;0,12991;0,0675;0,16309;0,174;0,50508;0,60301;0,37764;0,47981;0,44034;0,48096;0,22647;0,23863;0,51258;0,58181;0,46177;0,46582;0,44838;0,45146;0
0,42623;0,15449;0,1299;0,14591;0,1631;0,4957;0,50508;0,34618;0,37764;0,45817;0,44034;0,34208;0,22647;0,49341;0,51258;0,45756;0,46177;0,44218;0,44838;0
0,39818;0,23649;0,1545;0,16352;0,1459;0,45366;0,4957;0,3092;0,34618;0,49617;0,45817;0,48903;0,34208;0,44788;0,49341;0,45263;0,45756;0,43032;0,44218;0
0,3903;0,2858;0,2365;0,20114;0,1635;0,41014;0,45366;0,27635;0,3092;0,43801;0,49617;0,44715;0,48903;0,40833;0,44788;0,4498;0,45263;0,41942;0,43032;0
0,35708;0,33416;0,2858;0,26211;0,2011;0,3833;0,41014;0,3187;0,27635;0,39843;0,43801;0,45357;0,44715;0,38224;0,40833;0,44404;0,4498;0,40025;0,41942;0
0,36852;0,30431;0,3342;0,29635;0,2621;0,42324;0,3833;0,34828;0,3187;0,44611;0,39843;0,52454;0,45357;0,40833;0,38224;0,43937;0,44404;0,38806;0,40025;1
0,38981;0,19259;0,3043;0,3108;0,2964;0,55796;0,42324;0,45441;0,34828;0,47408;0,44611;0,55279;0,52454;0,53601;0,40833;0,43658;0,43937;0,38078;0,38806;1
0,36668;0,16554;0,1926;0,33682;0,3108;0,51616;0,55796;0,45553;0,45441;0,43947;0,47408;0,48556;0,55279;0,56198;0,53601;0,43236;0,43658;0,37448;0,38078;1
0,39092;0,16744;0,1655;0,34439;0,3368;0,67376;0,51616;0,56659;0,45553;0,45572;0,43947;0,52112;0,48556;0,64891;0,56198;0,42951;0,43236;0,3746;0,37448;1
0,43965;0,33275;0,1674;0,33848;0,3444;0,77595;0,67376;0,60382;0,56659;0,50326;0,45572;0,47785;0,52112;0,73279;0,64891;0,42836;0,42951;0,39112;0,3746;1
0,39609;0,30007;0,3327;0,32386;0,3385;0,59805;0,77595;0,41577;0,60382;0,41658;0,50326;0,38754;0,47785;0,67022;0,73279;0,42394;0,42836;0,39663;0,39112;1
0,43386;0,34774;0,3001;0,29558;0,3239;0,76517;0,59805;0,5411;0,41577;0,50685;0,41658;0,47184;0,38754;0,72866;0,67022;0,42111;0,42394;0,40544;0,39663;1
0,43805;0,2714;0,3477;0,27631;0,2956;0,70992;0,76517;0,41335;0,5411;0,54131;0,50685;0,49843;0,47184;0,67341;0,72866;0,41919;0,42111;0,41971;0,40544;1
0,45576;0,24838;0,2714;0,27353;0,2763;0,62484;0,70992;0,30177;0,41335;0,60701;0,54131;0,57721;0,49843;0,65797;0,67341;0,41894;0,41919;0,43268;0,41971;1
0,46832;0,30968;0,2484;0,28677;0,2735;0,77858;0,62484;0,49979;0,30177;0,62204;0,60701;0,61708;0,57721;0,75769;0,65797;0,42031;0,41894;0,43842;0,43268;0
0,45355;0,15561;0,3097;0,29013;0,2868;0,6346;0,77858;0,31398;0,49979;0,57457;0,62204;0,5209;0,61708;0,65304;0,75769;0,42075;0,42031;0,44991;0,43842;0
0,45663;0,11907;0,1556;0,28983;0,2901;0,63156;0,6346;0,34501;0,31398;0,57951;0,57457;0,52256;0,5209;0,6155;0,65304;0,42071;0,42075;0,45446;0,44991;0
0,46364;0,06566;0,1191;0,29307;0,2898;0,60232;0,63156;0,37829;0,34501;0,61388;0,57951;0,59432;0,52256;0,58208;0,6155;0,42102;0,42071;0,45958;0,45446;0
0,44395;0,10283;0,0657;0,29281;0,2931;0,51452;0,60232;0,23451;0,37829;0,56534;0,61388;0,50956;0,59432;0,53588;0,58208;0,42098;0,42102;0,45722;0,45958;0
0,45527;0,07613;0,1028;0,29383;0,2928;0,58556;0,51452;0,36244;0,23451;0,62617;0,56534;0,58777;0,50956;0,5677;0,53588;0,4211;0,42098;0,45461;0,45722;0
0,449;0,08128;0,0761;0,29835;0,2938;0,56007;0,58556;0,34901;0,36244;0,6208;0,62617;0,56982;0,58777;0,55212;0,5677;0,42207;0,4211;0,4537;0,45461;0
0,44531;0,08792;0,0813;0,30161;0,2983;0,53092;0,56007;0,34904;0,34901;0,66357;0,6208;0,57328;0,56982;0,54347;0,55212;0,42303;0,42207;0,45143;0,4537;0
0,45392;0,05261;0,0879;0,30278;0,3016;0,60805;0,53092;0,44785;0,34904;0,69252;0,66357;0,64066;0,57328;0,58847;0,54347;0,42582;0,42303;0,44949;0,45143;0
0,4111;0,20408;0,0526;0,29586;0,3028;0,46047;0,60805;0,31688;0,44785;0,67593;0,69252;0,65873;0,64066;0,48742;0,58847;0,42685;0,42582;0,44292;0,44949;0
0,378;0,36675;0,2041;0,27901;0,2959;0,38727;0,46047;0,28825;0,31688;0,59764;0,67593;0,56134;0,65873;0,38703;0,48742;0,4279;0,42685;0,42746;0,44292;0
0,37357;0,4206;0,3667;0,27501;0,279;0,38521;0,38727;0,3044;0,28825;0,55254;0,59764;0,50503;0,56134;0,3403;0,38703;0,42815;0,4279;0,41238;0,42746;0
0,34478;0,47396;0,4206;0,31061;0,275;0,28337;0,38521;0,19752;0,3044;0,54255;0,55254;0,52407;0,50503;0,30089;0,3403;0,4259;0,42815;0,39227;0,41238;0
0,35019;0,29768;0,474;0,32418;0,3106;0,41432;0,28337;0,36404;0,19752;0,50962;0,54255;0,48618;0,52407;0,40993;0,30089;0,42508;0,4259;0,37153;0,39227;0
0,33949;0,19516;0,2977;0,35872;0,3242;0,47529;0,41432;0,44473;0,36404;0,40608;0,50962;0,3701;0,48618;0,46905;0,40993;0,42251;0,42508;0,3572;0,37153;0
0,33653;0,16403;0,1952;0,3931;0,3587;0,47931;0,47529;0,44839;0,44473;0,47666;0,40608;0,49101;0,3701;0,49181;0,46905;0,41735;0,42251;0,34891;0,3572;0
0,33579;0,0645;0,164;0,42227;0,3931;0,55618;0,47931;0,55641;0,44839;0,40966;0,47666;0,3701;0,49101;0,54347;0,49181;0,41433;0,41735;0,34136;0,34891;0
0,33284;0,07176;0,0645;0,44846;0,4223;0,53321;0,55618;0,46326;0,55641;0,39725;0,40966;0,33428;0,3701;0,53615;0,54347;0,40928;0,41433;0,33897;0,34136;0
0,34256;0,03739;0,0718;0,46229;0,4485;0,58932;0,53321;0,46022;0,46326;0,38353;0,39725;0,27388;0,33428;0,58035;0,53615;0,40451;0,40928;0,33744;0,33897;0
0,32903;0,05216;0,0374;0,47195;0,4623;0,56022;0,58932;0,44033;0,46022;0,33825;0,38353;0,22792;0,27388;0,56877;0,58035;0,39817;0,40451;0,33535;0,33744;0
0,34416;0,06841;0,0522;0,46011;0,4719;0,60387;0,56022;0,42033;0,44033;0,39016;0,33825;0,30355;0,22792;0,59167;0,56877;0,39197;0,39817;0,33688;0,33535;0
0,33985;0,06939;0,0684;0,4526;0,4601;0,60015;0,60387;0,43189;0,42033;0,37732;0,39016;0,28998;0,30355;0,59459;0,59167;0,38628;0,39197;0,33769;0,33688;0
0,37;0,1683;0,0694;0,42985;0,4526;0,65627;0,60015;0,43183;0,43189;0,41776;0,37732;0,29484;0,28998;0,64878;0,59459;0,38195;0,38628;0,34512;0,33769;0
0,37628;0,22802;0,1683;0,39622;0,4299;0,71085;0,65627;0,48198;0,43183;0,46285;0,41776;0,36623;0,29484;0,7079;0,64878;0,37758;0,38195;0,35186;0,34512;0
0,37025;0,1875;0,228;0,37252;0,3962;0,65254;0,71085;0,42088;0,48198;0,43268;0,46285;0,29692;0,36623;0,67355;0,7079;0,3739;0,37758;0,36011;0,35186;0
0,36508;0,15814;0,1875;0,33393;0,3725;0,6502;0,65254;0,4217;0,42088;0,43455;0,43268;0,30242;0,29692;0,63254;0,67355;0,36939;0,3739;0,36429;0,36011;0
0,35462;0,08776;0,1581;0,29317;0,3339;0,53868;0,6502;0,3215;0,4217;0,42269;0,43455;0,26102;0,30242;0,53229;0,63254;0,36467;0,36939;0,36724;0,36429;0
0,35191;0,11305;0,0878;0,24465;0,2932;0,51407;0,53868;0,27436;0,3215;0,40304;0,42269;0,22423;0,26102;0,50805;0,53229;0,36;0,36467;0,36363;0,36724;0
0,34404;0,11524;0,113;0,15939;0,2447;0,50898;0,51407;0,30597;0,27436;0,46364;0,40304;0,2829;0,22423;0,50672;0,50805;0,3545;0,36;0,35718;0,36363;0
0,34982;0,08374;0,1152;0,11537;0,1594;0,539;0,50898;0,32531;0,30597;0,53157;0,46364;0,39419;0,2829;0,53322;0,50672;0,35144;0,3545;0,35309;0,35718;0
0,3561;0,04904;0,0837;0,10419;0,1154;0,58492;0,539;0,41947;0,32531;0,55034;0,53157;0,44303;0,39419;0,57862;0,53322;0,35034;0,35144;0,3513;0,35309;0
0,35954;0,06305;0,049;0,09627;0,1042;0,60181;0,58492;0,44438;0,41947;0,60698;0,55034;0,4941;0,44303;0,60724;0,57862;0,34964;0,35034;0,35228;0,3513;0
0,35105;0,06335;0,0631;0,09586;0,0963;0,60014;0,60181;0,44644;0,44438;0,58252;0,60698;0,50067;0,4941;0,60338;0,60724;0,34996;0,34964;0,35211;0,35228;0
0,34367;0,06479;0,0633;0,09652;0,0959;0,56396;0,60014;0,40672;0,44644;0,58837;0,58252;0,58525;0,50067;0,55891;0,60338;0,34963;0,34996;0,35204;0,35211;0
0,32374;0,15806;0,0648;0,1059;0,0965;0,49201;0,56396;0,33614;0,40672;0,55849;0,58837;0,50761;0,58525;0,49048;0,55891;0,34884;0,34963;0,34682;0,35204;0
0,34515;0,14684;0,1581;0,10357;0,1059;0,54135;0,49201;0,35558;0,33614;0,59747;0,55849;0,58948;0,50761;0,51698;0,49048;0,34927;0,34884;0,34463;0,34682;0
0,32386;0,14181;0,1468;0,11094;0,1036;0,50617;0,54135;0,33553;0,35558;0,5652;0,59747;0,57424;0,58948;0,52044;0,51698;0,34868;0,34927;0,33749;0,34463;0
0,30823;0,1728;0,1418;0,13069;0,1109;0,48348;0,50617;0,34355;0,33553;0,52062;0,5652;0,5505;0,57424;0,50113;0,52044;0,34745;0,34868;0,32893;0,33749;0
0,26763;0,32689;0,1728;0,19842;0,1307;0,42644;0,48348;0,35241;0,34355;0,47289;0,52062;0,54881;0,5505;0,41632;0,50113;0,3437;0,34745;0,31372;0,32893;0
0,24339;0,47177;0,3269;0,27479;0,1984;0,30125;0,42644;0,24786;0,35241;0,40375;0,47289;0,4552;0,54881;0,29663;0,41632;0,33942;0,3437;0,29765;0,31372;0
0,2552;0,39379;0,4718;0,31843;0,2748;0,3919;0,30125;0,32321;0,24786;0,43206;0,40375;0,48696;0,4552;0,35894;0,29663;0,33497;0,33942;0,27966;0,29765;0
0,26615;0,27559;0,3938;0,34459;0,3184;0,46491;0,3919;0,38061;0,32321;0,39869;0,43206;0,43002;0,48696;0,47317;0,35894;0,33128;0,33497;0,26812;0,27966;0
0,23539;0,15645;0,2756;0,38134;0,3446;0,49177;0,46491;0,43103;0,38061;0,33379;0,39869;0,34545;0,43002;0,53255;0,47317;0,32455;0,33128;0,25355;0,26812;0
0,21102;0,23582;0,1564;0,42471;0,3813;0,49126;0,49177;0,50638;0,43103;0,30149;0,33379;0,34369;0,34545;0,48622;0,53255;0,31629;0,32455;0,24223;0,25355;0
0,2365;0,23732;0,2358;0,4365;0,4247;0,52912;0,49126;0,47433;0,50638;0,35519;0,30149;0,38361;0,34369;0,47757;0,48622;0,3096;0,31629;0,24085;0,24223;0
0,23514;0,21942;0,2373;0,44382;0,4365;0,49516;0,52912;0,40992;0,47433;0,37102;0,35519;0,4049;0,38361;0,51178;0,47757;0,30311;0,3096;0,23684;0,24085;0
0,25065;0,1586;0,2194;0,44184;0,4438;0,62313;0,49516;0,47059;0,40992;0,40299;0,37102;0,44467;0,4049;0,6368;0,51178;0,29791;0,30311;0,23374;0,23684;0
0,24043;0,16228;0,1586;0,44078;0,4418;0,66248;0,62313;0,49451;0,47059;0,39878;0,40299;0,39483;0,44467;0,65664;0,6368;0,29233;0,29791;0,23475;0,23374;0
0,23563;0,06918;0,1623;0,44058;0,4408;0,57848;0,66248;0,42134;0,49451;0,38025;0,39878;0,32867;0,39483;0,58155;0,65664;0,28691;0,29233;0,23967;0,23475;0
0,23108;0,08104;0,0692;0,43356;0,4406;0,56961;0,57848;0,43644;0,42134;0,36131;0,38025;0,29987;0,32867;0,55266;0,58155;0,28098;0,28691;0,23859;0,23967;0
0,24474;0,08248;0,081;0,41034;0,4336;0,56452;0,56961;0,35671;0,43644;0,37931;0,36131;0,27068;0,29987;0,55479;0,55266;0,27541;0,28098;0,24051;0,23859;0
0,2456;0,06541;0,0825;0,37602;0,4103;0,59517;0,56452;0,35155;0,35671;0,39563;0,37931;0,3017;0,27068;0,59872;0,55479;0,26971;0,27541;0,2395;0,24051;0
0,23502;0,06846;0,0654;0,34278;0,376;0,57916;0,59517;0,39216;0,35155;0,3899;0,39563;0,29288;0,3017;0,59206;0,59872;0,26391;0,26971;0,23842;0,2395;0
0,23256;0,07379;0,0685;0,30676;0,3428;0,58495;0,57916;0,40094;0,39216;0,42039;0,3899;0,33893;0,29288;0,57036;0,59206;0,25835;0,26391;0,2378;0,23842;0
0,23096;0,07413;0,0738;0,28067;0,3068;0,54271;0,58495;0,37869;0,40094;0,38018;0,42039;0,27855;0,33893;0,53375;0,57036;0,25372;0,25835;0,23778;0,2378;0
0,21422;0,12457;0,0741;0,22236;0,2807;0,494;0,54271;0,33121;0,37869;0,38788;0,38018;0,30893;0,27855;0,50539;0,53375;0,24717;0,25372;0,23167;0,23778;0
0,16636;0,32597;0,1246;0,21726;0,2224;0,39064;0,494;0,27889;0,33121;0,3308;0,38788;0,29908;0,30893;0,40927;0,50539;0,23929;0,24717;0,21582;0,23167;0
0,1746;0,35463;0,326;0,2042;0,2173;0,42027;0,39064;0,29318;0,27889;0,41645;0,3308;0,40133;0,29908;0,38237;0,40927;0,23261;0,23929;0,20374;0,21582;0
0,19208;0,30428;0,3546;0,20541;0,2042;0,47311;0,42027;0,35004;0,29318;0,49008;0,41645;0,51127;0,40133;0,45067;0,38237;0,22884;0,23261;0,19564;0,20374;0
0,17916;0,20912;0,3043;0,22347;0,2054;0,48356;0,47311;0,38549;0,35004;0,44637;0,49008;0,45573;0,51127;0,52962;0,45067;0,22562;0,22884;0,18528;0,19564;0
0,16131;0,13193;0,2091;0,24634;0,2235;0,56681;0,48356;0,49777;0,38549;0,39554;0,44637;0,44228;0,45573;0,57169;0,52962;0,22093;0,22562;0,1747;0,18528;0
0,15332;0,16934;0,1319;0,26063;0,2463;0,52162;0,56681;0,4527;0,49777;0,43548;0,39554;0,52335;0,44228;0,49834;0,57169;0,21529;0,22093;0,17209;0,1747;1
0,16845;0,16928;0,1693;0,27194;0,2606;0,5152;0,52162;0,41703;0,4527;0,50538;0,43548;0,6026;0,52335;0,4986;0,49834;0,21194;0,21529;0,17086;0,17209;1
0,17005;0,1063;0,1693;0,28355;0,2719;0,55553;0,5152;0,43496;0,41703;0,4632;0,50538;0,52816;0,6026;0,5657;0,4986;0,20989;0,21194;0,16646;0,17086;1
0,17067;0,07981;0,1063;0,28771;0,2836;0,60691;0,55553;0,41577;0,43496;0,46667;0,4632;0,51857;0,52816;0,61603;0,5657;0,2066;0,20989;0,16476;0,16646;1
0,16513;0,07692;0,0798;0,29212;0,2877;0,61379;0,60691;0,44703;0,41577;0,42954;0,46667;0,46518;0,51857;0,60565;0,61603;0,2031;0,2066;0,16552;0,16476;1
0,17903;0,05388;0,0769;0,279;0,2921;0,61033;0,61379;0,44881;0,44703;0,47217;0,42954;0,50132;0,46518;0,59526;0,60565;0,19952;0,2031;0,17067;0,16552;1
0,19528;0,13099;0,0539;0,26658;0,279;0,65109;0,61033;0,449;0,44881;0,50944;0,47217;0,54443;0,50132;0,64133;0,59526;0,19726;0,19952;0,17603;0,17067;1
0,19269;0,14691;0,131;0,25521;0,2666;0,64218;0,65109;0,41285;0,449;0,51291;0,50944;0,56181;0,54443;0,65797;0,64133;0,19512;0,19726;0,18056;0,17603;1
0,19195;0,14042;0,1469;0,24479;0,2552;0,65557;0,64218;0,41675;0,41285;0,48747;0,51291;0,52819;0,56181;0,65051;0,65797;0,19316;0,19512;0,18482;0,18056;1
0,20069;0,08643;0,1404;0,2228;0,2448;0,64111;0,65557;0,41017;0,41675;0,50143;0,48747;0,52632;0,52819;0,62096;0,65051;0,19096;0,19316;0,19193;0,18482;1
0,18592;0,05637;0,0864;0,19445;0,2228;0,55488;0,64111;0,33427;0,41017;0,49395;0,50143;0,52499;0,52632;0,5661;0,62096;0,18797;0,19096;0,19331;0,19193;1
0,19663;0,05817;0,0564;0,172;0,1944;0,5918;0,55488;0,36165;0,33427;0,51728;0,49395;0,51937;0,52499;0,57968;0,5661;0,18605;0,18797;0,19358;0,19331;1
0,19995;0,06538;0,0582;0,14891;0,172;0,60309;0,5918;0,3604;0,36165;0,52601;0,51728;0,55726;0,51937;0,5906;0,57968;0,18442;0,18605;0,19503;0,19358;1
0,19343;0,06364;0,0654;0,12025;0,1489;0,5607;0,60309;0,34369;0,3604;0,54408;0,52601;0,56523;0,55726;0,57715;0,5906;0,18255;0,18442;0,19532;0,19503;1
0,197;0,05639;0,0636;0,10786;0,1202;0,61166;0,5607;0,42577;0,34369;0,63562;0,54408;0,68047;0,56523;0,59819;0,57715;0,18168;0,18255;0,19459;0,19532;1
0,19675;0,0213;0,0564;0,10699;0,1079;0,5812;0,61166;0,38541;0,42577;0,62046;0,63562;0,60193;0,68047;0,57476;0,59819;0,1832;0,18168;0,19675;0,19459;1
0,20623;0,05005;0,0213;0,11338;0,107;0,59829;0,5812;0,38889;0,38541;0,60618;0,62046;0,53391;0,60193;0,59486;0,57476;0,18479;0,1832;0,19867;0,19675;1
0,19085;0,06166;0,05;0,11313;0,1134;0,57368;0,59829;0,39953;0,38889;0,60182;0,60618;0,56436;0,53391;0,58208;0,59486;0,18472;0,18479;0,19685;0,19867;1
0,19454;0,06001;0,0617;0,11395;0,1131;0,57402;0,57368;0,36925;0,39953;0,64025;0,60182;0,63346;0,56436;0,56597;0,58208;0,18549;0,18472;0,19707;0,19685;1
0,17103;0,14364;0,06;0,108;0,114;0,50941;0,57402;0,34878;0,36925;0,61262;0,64025;0,58111;0,63346;0,50939;0,56597;0,18598;0,18549;0,19188;0,19707;1
0,19811;0,14526;0,1436;0,09048;0,108;0,55831;0,50941;0,36783;0,34878;0,63386;0,61262;0,54335;0,58111;0,53868;0,50939;0,18822;0,18598;0,19215;0,19188;1
0,18039;0,12234;0,1453;0,08406;0,0905;0,55179;0,55831;0,37865;0,36783;0,59943;0,63386;0,54949;0,54335;0,55891;0,53868;0,18882;0,18822;0,18698;0,19215;1
0,1794;0,12443;0,1223;0,07867;0,0841;0,5388;0,55179;0,37067;0,37865;0,59658;0,59943;0,5446;0,54949;0,55505;0,55891;0,18928;0,18882;0,18469;0,18698;1
0,16574;0,13615;0,1244;0,08285;0,0787;0,56613;0,5388;0,42578;0,37067;0,58211;0,59658;0,56222;0,5446;0,546;0,55505;0,18904;0,18928;0,17893;0,18469;1
0,17448;0,13081;0,1362;0,07535;0,0828;0,51523;0,56613;0,36595;0,42578;0,5729;0,58211;0,52215;0,56222;0,51072;0,546;0,1895;0,18904;0,17962;0,17893;1
0,16771;0,07113;0,1308;0,08274;0,0754;0,54561;0,51523;0,38805;0,36595;0,53199;0,5729;0,46202;0,52215;0,54493;0,51072;0,18894;0,1895;0,17354;0,17962;1
0,18494;0,0866;0,0711;0,08216;0,0827;0,59627;0,54561;0,4262;0,38805;0,56722;0,53199;0,48639;0,46202;0,5918;0,54493;0,18842;0,18894;0,17446;0,17354;1
0,18309;0,09475;0,0866;0,08227;0,0822;0,62918;0,59627;0,42952;0,4262;0,56525;0,56722;0,50447;0,48639;0,62655;0,5918;0,18794;0,18842;0,17519;0,17446;1
0,17497;0,07534;0,0947;0,08498;0,0823;0,58223;0,62918;0,43194;0,42952;0,53529;0,56525;0,47071;0,50447;0,59539;0,62655;0,18709;0,18794;0,17704;0,17519;1
0,17374;0,0762;0,0753;0,08414;0,085;0,59765;0,58223;0,42294;0,43194;0,55933;0,53529;0,49493;0,47071;0,57995;0,59539;0,18575;0,18709;0,17689;0,17704;1
0,17534;0,05433;0,0762;0,08614;0,0841;0,55417;0,59765;0,36657;0,42294;0,54315;0,55933;0,46456;0,49493;0,5468;0,57995;0,18522;0,18575;0,17842;0,17689;1
0,17596;0,03735;0,0543;0,08486;0,0861;0,56101;0,55417;0,351;0,36657;0,53835;0,54315;0,45418;0,46456;0,56264;0,5468;0,18418;0,18522;0,17662;0,17842;1
0,16021;0,07133;0,0373;0,08957;0,0849;0,53977;0,56101;0,36634;0,351;0,52191;0,53835;0,42772;0,45418;0,54813;0,56264;0,1822;0,18418;0,17204;0,17662;1
0,17743;0,07537;0,0713;0,08738;0,0896;0,59114;0,53977;0,38786;0,36634;0,54622;0,52191;0,37645;0,42772;0,5693;0,54813;0,1814;0,1822;0,17254;0,17204;1
0,17128;0,07515;0,0754;0,08401;0,0874;0,56956;0,59114;0,40098;0,38786;0,53571;0,54622;0,37996;0,37645;0,5705;0,5693;0,18011;0,1814;0,17204;0,17254;1
0,18691;0,10659;0,0751;0,07928;0,084;0,61134;0,56956;0,4219;0,40098;0,54668;0,53571;0,39922;0,37996;0,61337;0,5705;0,17962;0,18011;0,17436;0,17204;1
0,18851;0,12887;0,1066;0,06503;0,0793;0,65971;0,61134;0,46364;0,4219;0,57685;0,54668;0,42562;0,39922;0,64918;0,61337;0,17873;0,17962;0,17687;0,17436;1
0,19638;0,10772;0,1289;0,06885;0,065;0,63359;0,65971;0,41716;0,46364;0,58429;0,57685;0,402;0,42562;0,63733;0,64918;0,17901;0,17873;0,1841;0,17687;1
0,21102;0,16135;0,1077;0,08506;0,0688;0,6915;0,63359;0,46478;0,41716;0,65226;0,58429;0,47501;0,402;0,67394;0,63733;0,17983;0,17901;0,19082;0,1841;1
0,2157;0,14497;0,1614;0,10481;0,0851;0,66092;0,6915;0,42142;0,46478;0,6123;0,65226;0,42825;0,47501;0,66436;0,67394;0,18207;0,17983;0,1997;0,19082;1
0,24978;0,2664;0,145;0,16117;0,1048;0,75122;0,66092;0,44643;0,42142;0,70458;0,6123;0,52512;0,42825;0,73119;0,66436;0,18465;0,18207;0,21228;0,1997;1
0,27181;0,35007;0,2664;0,22976;0,1612;0,79043;0,75122;0,48553;0,44643;0,74556;0,70458;0,55865;0,52512;0,78285;0,73119;0,18922;0,18465;0,22894;0,21228;1
0,26553;0,31711;0,3501;0,27074;0,2298;0,73215;0,79043;0,41602;0,48553;0,75889;0,74556;0,57999;0,55865;0,75636;0,78285;0,19353;0,18922;0,24277;0,22894;1
0,27661;0,27772;0,3171;0,30766;0,2707;0,74985;0,73215;0,44488;0,41602;0,76294;0,75889;0,59019;0,57999;0,72653;0,75636;0,19907;0,19353;0,25589;0,24277;1
0,27267;0,116;0,2777;0,33398;0,3077;0,6442;0,74985;0,32798;0,44488;0,76807;0,76294;0,62576;0,59019;0,63241;0,72653;0,20398;0,19907;0,26728;0,25589;1
0,27316;0,04102;0,116;0,35064;0,334;0,5846;0,6442;0,26922;0,32798;0,73805;0,76807;0,57552;0,62576;0,58834;0,63241;0,20925;0,20398;0,27196;0,26728;1
0,30946;0,19268;0,041;0,39634;0,3506;0,70228;0,5846;0,37395;0,26922;0,80597;0,73805;0,62905;0,57552;0,66902;0,58834;0,21548;0,20925;0,27949;0,27196;1
0,3198;0,25343;0,1927;0,43853;0,3963;0,70014;0,70228;0,36213;0,37395;0,83899;0,80597;0,67757;0,62905;0,71096;0,66902;0,22231;0,21548;0,29034;0,27949;0
0,27685;0,25301;0,2534;0,4395;0,4385;0,59242;0,70014;0,36081;0,36213;0,7647;0,83899;0,60202;0,67757;0,6372;0,71096;0,22741;0,22231;0,29039;0,29034;0
0,28645;0,23055;0,253;0,43937;0,4395;0,61757;0,59242;0,41149;0,36081;0,77893;0,7647;0,62543;0,60202;0,57116;0,6372;0,23304;0,22741;0,29315;0,29039;0
0,29605;0,19289;0,2306;0,43897;0,4394;0,54391;0,61757;0,29725;0,41149;0,79492;0,77893;0,64141;0,62543;0,51258;0,57116;0,23908;0,23304;0,29772;0,29315;0
0,29925;0,17942;0,1929;0,43386;0,439;0,52429;0,54391;0,28682;0,29725;0,82896;0,79492;0,68027;0,64141;0,55399;0,51258;0,24524;0,23908;0,29568;0,29772;0
0,30503;0,12269;0,1794;0,41182;0,4339;0,65868;0,52429;0,43141;0,28682;0,80826;0,82896;0,64554;0,68027;0,65251;0,55399;0,25249;0,24524;0,29273;0,29568;0
0,30725;0,0892;0,1227;0,39479;0,4118;0,63825;0,65868;0,40412;0,43141;0,82327;0,80826;0,66519;0,64554;0,63241;0,65251;0,25898;0,25249;0,29881;0,29273;0
0,29113;0,07016;0,0892;0,35614;0,3948;0,56729;0,63825;0,40577;0,40412;0,76649;0,82327;0,61317;0,66519;0,57569;0,63241;0,26497;0,25898;0,29974;0,29881;0
0,29248;0,07777;0,0702;0,32214;0,3561;0,5622;0,56729;0,41449;0,40577;0,76603;0,76649;0,58951;0,61317;0,548;0,57569;0,27025;0,26497;0,29903;0,29974;0
0,29396;0,08166;0,0778;0,27904;0,3221;0,55034;0,5622;0,32703;0,41449;0,75454;0,76603;0,57498;0,58951;0,53774;0,548;0,27552;0,27025;0,29797;0,29903;0
0,26234;0,18385;0,0817;0,23168;0,279;0,45711;0,55034;0,28348;0,32703;0,67216;0,75454;0,45989;0,57498;0,48356;0,53774;0,27882;0,27552;0,28943;0,29797;0
0,26627;0,17336;0,1838;0,19066;0,2317;0,51229;0,45711;0,35882;0,28348;0,67082;0,67216;0,48944;0,45989;0,49128;0,48356;0,28158;0,27882;0,28124;0,28943;0
0,25827;0,19208;0,1734;0,14839;0,1907;0,4865;0,51229;0,34641;0,35882;0,59605;0,67082;0,36209;0,48944;0,47371;0,49128;0,28371;0,28158;0,27466;0,28124;0
0,25225;0,18014;0,1921;0,14641;0,1484;0,46581;0,4865;0,34111;0,34641;0,54641;0,59605;0,29336;0,36209;0,48302;0,47371;0,28383;0,28371;0,26662;0,27466;0
0,26197;0,05541;0,1801;0,15042;0,1464;0,57984;0,46581;0,46548;0,34111;0,5747;0,54641;0,30481;0,29336;0,56171;0,48302;0,28334;0,28383;0,26022;0,26662;0
0,24659;0,08434;0,0554;0,16229;0,1504;0,52645;0,57984;0,40025;0,46548;0,52793;0,5747;0,26625;0,30481;0,53908;0,56171;0,28239;0,28334;0,25707;0,26022;0
0,24917;0,06797;0,0843;0,17361;0,1623;0,55568;0,52645;0,43328;0,40025;0,53945;0,52793;0,27113;0,26625;0,55186;0,53908;0,28102;0,28239;0,25365;0,25707;0
0,25102;0,0621;0,068;0,18202;0,1736;0,57746;0,55568;0,45881;0,43328;0,54185;0,53945;0,29556;0,27113;0,56118;0,55186;0,27994;0,28102;0,2522;0,25365;0
0,25003;0,063;0,0621;0,19025;0,182;0,54786;0,57746;0,37261;0,45881;0,4762;0,54185;0,19473;0,29556;0,55665;0,56118;0,27878;0,27994;0,25175;0,2522;0
0,25778;0,04273;0,063;0,18393;0,1902;0,61186;0,54786;0,44297;0,37261;0,47173;0,4762;0,1667;0,19473;0,60285;0,55665;0,2762;0,27878;0,25092;0,25175;0
0,26307;0,06377;0,0427;0,16384;0,1839;0,61934;0,61186;0,4299;0,44297;0,55665;0,47173;0,28672;0,1667;0,6151;0,60285;0,27336;0,2762;0,25421;0,25092;0
0,2648;0,07226;0,0638;0,16444;0,1638;0,619;0,61934;0,41663;0,4299;0,54275;0,55665;0,26548;0,28672;0,62162;0,6151;0,27276;0,27336;0,25734;0,25421;0
0,26923;0,07937;0,0723;0,16231;0,1644;0,63398;0,619;0,44336;0,41663;0,53366;0,54275;0,24657;0,26548;0,62681;0,62162;0,2719;0,27276;0,26098;0,25734;0
0,28227;0,10102;0,0794;0,15674;0,1623;0,64858;0,63398;0,41373;0,44336;0,55104;0,53366;0,23424;0,24657;0,63733;0,62681;0,27121;0,2719;0,26743;0,26098;0
0,25864;0,09851;0,101;0,14825;0,1567;0,56862;0,64858;0,36142;0,41373;0,49918;0,55104;0,21043;0,23424;0,58701;0,63733;0,26918;0,27121;0,2676;0,26743;0
0,25643;0,11271;0,0985;0,13232;0,1483;0,55773;0,56862;0,35512;0,36142;0,49138;0,49918;0,1933;0,21043;0,54813;0,58701;0,26675;0,26918;0,26627;0,2676;0
0,25803;0,12038;0,1127;0,1076;0,1323;0,54992;0,55773;0,3415;0,35512;0,52256;0,49138;0,25949;0,1933;0,5255;0,54813;0,26429;0,26675;0,26492;0,26627;0
0,2552;0,12509;0,1204;0,09577;0,1076;0,50613;0,54992;0,30663;0,3415;0,51518;0,52256;0,25423;0,25949;0,51844;0,5255;0,26249;0,26429;0,26211;0,26492;0
0,25951;0,01469;0,1251;0,07768;0,0958;0,58324;0,50613;0,40052;0,30663;0,52018;0,51518;0,26667;0,25423;0,57822;0,51844;0,26084;0,26249;0,25756;0,26211;0
0,24474;0,06188;0,0147;0,0551;0,0777;0,54853;0,58324;0,38624;0,40052;0,54987;0,52018;0,35149;0,26667;0,55399;0,57822;0,25838;0,26084;0,25478;0,25756;0
0,24326;0,0822;0,0619;0,06019;0,0551;0,54003;0,54853;0,38583;0,38624;0,5403;0,54987;0,34521;0,35149;0,53442;0,55399;0,25743;0,25838;0,25215;0,25478;1
0,25151;0,07374;0,0822;0,0588;0,0602;0,57065;0,54003;0,43046;0,38583;0,56903;0,5403;0,42405;0,34521;0,55212;0,53442;0,25669;0,25743;0,25084;0,25215;1
0,25249;0,06995;0,0737;0,05915;0,0588;0,56147;0,57065;0,37872;0,43046;0,58144;0,56903;0,47156;0,42405;0,56983;0,55212;0,2564;0,25669;0,2503;0,25084;1
0,26726;0,10405;0,07;0,06141;0,0591;0,6432;0,56147;0,44848;0,37872;0,59037;0,58144;0,45671;0,47156;0,6364;0,56983;0,25715;0,2564;0,25185;0,2503;1
0,25151;0,09465;0,1041;0,06149;0,0614;0,60369;0,6432;0,42991;0,44848;0,58973;0,59037;0,49211;0,45671;0,61257;0,6364;0,25663;0,25715;0,25321;0,25185;1
0,25483;0,07173;0,0947;0,05893;0,0615;0,59005;0,60369;0,40338;0,42991;0,59104;0,58973;0,48426;0,49211;0,58381;0,61257;0,25704;0,25663;0,25552;0,25321;1
0,26074;0,07045;0,0717;0,05751;0,0589;0,60367;0,59005;0,41704;0,40338;0,59823;0,59104;0,48793;0,48426;0,58208;0,58381;0,25762;0,25704;0,25736;0,25552;1
0,25889;0,0637;0,0705;0,05632;0,0575;0,55774;0,60367;0,34068;0,41704;0,5967;0,59823;0,53733;0,48793;0,56956;0,58208;0,25801;0,25762;0,25864;0,25736;1
0,24683;0,05923;0,0637;0,05792;0,0563;0,56792;0,55774;0,37036;0,34068;0,56162;0,5967;0,51382;0,53733;0,57196;0,56956;0,25785;0,25801;0,25456;0,25864;1
0,25631;0,05639;0,0592;0,05798;0,0579;0,58495;0,56792;0,3887;0,37036;0,56903;0,56162;0,4542;0,51382;0,56584;0,57196;0,25778;0,25785;0,25552;0,25456;1
0,26996;0,09043;0,0564;0,06099;0,058;0,60638;0,58495;0,39338;0,3887;0,59015;0,56903;0,48104;0,4542;0,59486;0,56584;0,25812;0,25778;0,25855;0,25552;1
0,26664;0,09929;0,0904;0,06169;0,061;0,6023;0,60638;0,41845;0,39338;0,57644;0,59015;0,47752;0,48104;0,61949;0,59486;0,25821;0,25812;0,25973;0,25855;1
0,28202;0,14892;0,0993;0,07194;0,0617;0,67827;0,6023;0,45784;0,41845;0,58057;0,57644;0,46734;0,47752;0,66502;0,61949;0,25885;0,25821;0,26435;0,25973;1
0,25372;0,12536;0,1489;0,05851;0,0719;0,57371;0,67827;0,38503;0,45784;0,5723;0,58057;0,50086;0,46734;0,58514;0,66502;0,25743;0,25885;0,26573;0,26435;1
0,25138;0,13882;0,1254;0,05935;0,0585;0,52952;0,57371;0,34577;0,38503;0,57208;0,5723;0,5067;0,50086;0,5235;0,58514;0,25706;0,25743;0,26475;0,26573;1
0,3038;0,24496;0,1388;0,10147;0,0593;0,68357;0,52952;0,44038;0,34577;0,66204;0,57208;0,55171;0,5067;0,62495;0,5235;0,25943;0,25706;0,27151;0,26475;1
0,33469;0,39833;0,245;0,17191;0,1015;0,72625;0,68357;0,42041;0,44038;0,72175;0,66204;0,60323;0,55171;0,74584;0,62495;0,26326;0,25943;0,28512;0,27151;1
0,33912;0,48177;0,3983;0,2226;0,1719;0,81711;0,72625;0,5375;0,42041;0,72192;0,72175;0,59949;0,60323;0,85262;0,74584;0,26746;0,26326;0,29654;0,28512;1
0,33666;0,4242;0,4818;0,25777;0,2226;0,81681;0,81711;0,56399;0,5375;0,74388;0,72192;0,59338;0,59949;0,80043;0,85262;0,27132;0,26746;0,31313;0,29654;1
0,34638;0,18359;0,4242;0,28889;0,2578;0,69821;0,81681;0,4005;0,56399;0,76375;0,74388;0,616;0,59338;0,67195;0,80043;0,2764;0,27132;0,33213;0,31313;1
0,34761;0,06143;0,1836;0,31106;0,2889;0,61639;0,69821;0,32624;0,4005;0,75121;0,76375;0,5842;0,616;0,6135;0,67195;0,28162;0,2764;0,34089;0,33213;1
0,33136;0,07283;0,0614;0,31879;0,3111;0,55955;0,61639;0,23854;0,32624;0,72069;0,75121;0,55127;0,5842;0,57276;0,6135;0,28561;0,28162;0,34022;0,34089;1
0,34859;0,08291;0,0728;0,3332;0,3188;0,61368;0,55955;0,27092;0,23854;0,72489;0,72069;0,54761;0,55127;0,58727;0,57276;0,29041;0,28561;0,34212;0,34022;1
0,33752;0,08125;0,0829;0,34153;0,3332;0,55652;0,61368;0,3072;0,27092;0,73334;0,72489;0,55457;0,54761;0,55958;0,58727;0,29393;0,29041;0,34229;0,34212;1
0,33518;0,08291;0,0812;0,33895;0,3415;0,54672;0,55652;0,35009;0,3072;0,72328;0,73334;0,54587;0,55457;0,55745;0,55958;0,29811;0,29393;0,34005;0,34229;1
0,32989;0,07976;0,0829;0,33228;0,339;0,5768;0,54672;0,40209;0,35009;0,7034;0,72328;0,52514;0,54587;0,55998;0,55745;0,30186;0,29811;0,33651;0,34005;1
0,32976;0,08327;0,0798;0,32544;0,3323;0,52915;0,5768;0,34119;0,40209;0,70647;0,7034;0,52865;0,52514;0,52869;0,55998;0,30532;0,30186;0,33619;0,33651;1
0,3369;0,03809;0,0833;0,31656;0,3254;0,57917;0,52915;0,40533;0,34119;0,74059;0,70647;0,58178;0,52865;0,5705;0,52869;0,30922;0,30532;0,33385;0,33619;1
0,34367;0,06082;0,0381;0,29644;0,3166;0,60421;0,57917;0,42621;0,40533;0,73568;0,74059;0,57231;0,58178;0,60365;0,5705;0,31406;0,30922;0,33508;0,33385;1
0,35462;0,11501;0,0608;0,28189;0,2964;0,6489;0,60421;0,43492;0,42621;0,73074;0,73568;0,55225;0,57231;0,64625;0,60365;0,31897;0,31406;0,33897;0,33508;1
0,34933;0,10785;0,115;0,26932;0,2819;0,63468;0,6489;0,45503;0,43492;0,72729;0,73074;0,56018;0,55225;0,6392;0,64625;0,32294;0,31897;0,34286;0,33897;1
0,35179;0,07581;0,1078;0,24933;0,2693;0,6218;0,63468;0,41728;0,45503;0,70429;0,72729;0,53939;0,56018;0,61603;0,6392;0,3272;0,32294;0,34726;0,34286;1
0,36077;0,06749;0,0758;0,23977;0,2493;0,62786;0,6218;0,40591;0,41728;0,77057;0,70429;0,5965;0,53939;0,61164;0,61603;0,33114;0,3272;0,35204;0,34726;1
0,34933;0,04964;0,0675;0,18544;0,2398;0,56633;0,62786;0,34242;0,40591;0,75448;0,77057;0,58435;0,5965;0,57862;0,61164;0,33592;0,33114;0,35317;0,35204;1
0,35388;0,04912;0,0496;0,08947;0,1854;0,59337;0,56633;0,36706;0,34242;0,66936;0,75448;0,4503;0,58435;0,58488;0,57862;0,34104;0,33592;0,35302;0,35317;1
0,3577;0,04735;0,0491;0,06286;0,0895;0,59708;0,59337;0,37698;0,36706;0,62151;0,66936;0,36845;0,4503;0,58301;0,58488;0,34374;0,34104;0,35469;0,35302;1
0,3513;0,04829;0,0473;0,06191;0,0629;0,55486;0,59708;0,34811;0,37698;0,60244;0,62151;0,35382;0,36845;0,56624;0,58301;0,34457;0,34374;0,3546;0,35469;1
0,3481;0,03881;0,0483;0,06138;0,0619;0,57748;0,55486;0,39843;0,34811;0,60115;0,60244;0,33623;0,35382;0,57223;0,56624;0,34502;0,34457;0,35206;0,3546;1
0,35462;0,0363;0,0388;0,06153;0,0614;0,58289;0,57748;0,38549;0,39843;0,59551;0,60115;0,31695;0,33623;0,5689;0,57223;0,34591;0,34502;0,35312;0,35206;1
0,35843;0,04477;0,0363;0,06517;0,0615;0,58289;0,58289;0,38326;0,38549;0,60005;0,59551;0,32986;0,31695;0,58288;0,5689;0,34652;0,34591;0,35403;0,35312;1
0,36286;0,06151;0,0448;0,07105;0,0652;0,61263;0,58289;0,42637;0,38326;0,63647;0,60005;0,38064;0,32986;0,6139;0,58288;0,34728;0,34652;0,35506;0,35403;1
0,36299;0,06658;0,0615;0,06977;0,071;0,62176;0,61263;0,41827;0,42637;0,60632;0,63647;0,35453;0,38064;0,61883;0,6139;0,34886;0,34728;0,3574;0,35506;1
0,36077;0,035;0,0666;0,07277;0,0698;0,59775;0,62176;0,40066;0,41827;0,62193;0,60632;0,36;0,35453;0,59593;0,61883;0,34947;0,34886;0,35994;0,3574;1
0,34268;0,09255;0,035;0,07059;0,0728;0,53763;0,59775;0,36466;0,40066;0,59422;0,62193;0,34654;0,36;0,54134;0,59593;0,34973;0,34947;0,35755;0,35994;1
0,34601;0,10838;0,0925;0,06589;0,0706;0,5346;0,53763;0,34508;0,36466;0,60939;0,59422;0,37314;0,34654;0,51924;0,54134;0,35027;0,34973;0,35506;0,35755;1
0,34539;0,10419;0,1084;0,05575;0,0659;0,53258;0,5346;0,33842;0,34508;0,60852;0,60939;0,37016;0,37314;0,52363;0,51924;0,35105;0,35027;0,35157;0,35506;1
0,34084;0,08551;0,1042;0,04558;0,0557;0,52615;0,53258;0,34891;0,33842;0,58794;0,60852;0,32868;0,37016;0,53748;0,52363;0,3516;0,35105;0,34714;0,35157;1
0,34699;0,02399;0,0855;0,03912;0,0456;0,5927;0,52615;0,42477;0,34891;0,58685;0,58794;0,33156;0,32868;0,58141;0,53748;0,3521;0,3516;0,34438;0,34714;1
0,34096;0,02831;0,024;0,04089;0,0391;0,567;0,5927;0,41118;0,42477;0,557;0,58685;0,3126;0,33156;0,5685;0,58141;0,35197;0,3521;0,34404;0,34438;1
0,33887;0,03404;0,0283;0,04573;0,0409;0,56294;0,567;0,40996;0,41118;0,56262;0,557;0,31947;0,3126;0,56371;0,5685;0,35118;0,35197;0,34261;0,34404;1
0,34047;0,03053;0,034;0,04896;0,0457;0,57985;0,56294;0,42395;0,40996;0,56111;0,56262;0,33571;0,31947;0,5681;0,56371;0,35074;0,35118;0,34163;0,34261;1
0,33764;0,03618;0,0305;0,05352;0,049;0,55517;0,57985;0,3693;0,42395;0,54037;0,56111;0,26995;0,33571;0,55692;0,5681;0,35003;0,35074;0,34099;0,34163;1
0,34305;0,01853;0,0362;0,05121;0,0535;0,58661;0,55517;0,4035;0,3693;0,56998;0,54037;0,30454;0,26995;0,58088;0,55692;0,34914;0,35003;0,3402;0,34099;1
0,34699;0,03751;0,0185;0,05133;0,0512;0,60319;0,58661;0,41586;0,4035;0,5689;0,56998;0,36812;0,30454;0,59806;0,58088;0,34903;0,34914;0,34141;0,3402;1
0,3449;0,03693;0,0375;0,05103;0,0513;0,59304;0,60319;0,39965;0,41586;0,55852;0,5689;0,39659;0,36812;0,59739;0,59806;0,34858;0,34903;0,34261;0,34141;1
0,37628;0,16953;0,0369;0,06805;0,051;0,68708;0,59304;0,47079;0,39965;0,62492;0,55852;0,4619;0,39659;0,66329;0,59739;0,34951;0,34858;0,34977;0,34261;0
0,35388;0,15131;0,1695;0,06841;0,0681;0,61062;0,68708;0,40613;0,47079;0,59118;0,62492;0,43709;0,4619;0,63281;0,66329;0,34964;0,34951;0,35302;0,34977;0
0,34305;0,15131;0,1513;0,06932;0,0684;0,57004;0,61062;0,37193;0,40613;0,56068;0,59118;0,41808;0,43709;0,57888;0,63281;0,34938;0,34964;0,35302;0,35302;0
0,34355;0,1566;0,1513;0,06933;0,0693;0,57714;0,57004;0,38224;0,37193;0,55485;0,56068;0,41015;0,41808;0,53881;0,57888;0,34883;0,34938;0,35233;0,35302;0
0,31808;0,23625;0,1566;0,0855;0,0693;0,42131;0,57714;0,2331;0,38224;0,50234;0,55485;0,34231;0,41015;0,44055;0,53881;0,34681;0,34883;0,34697;0,35233;0
0,33518;0,14785;0,2363;0,08235;0,0855;0,5295;0,42131;0,34323;0,2331;0,53216;0,50234;0,38802;0,34231;0,51019;0,44055;0,34543;0,34681;0,33875;0,34697;0
0,32743;0,11923;0,1478;0,0814;0,0823;0,53792;0,5295;0,37252;0,34323;0,52243;0,53216;0,3687;0,38802;0,53482;0,51019;0,34365;0,34543;0,33346;0,33875;0
0,31734;0,12384;0,1192;0,08736;0,0814;0,50884;0,53792;0,35086;0,37252;0,53642;0,52243;0,4005;0,3687;0,53109;0,53482;0,34148;0,34365;0,32831;0,33346;0
0,30331;0,13241;0,1238;0,11103;0,0874;0,54021;0,50884;0,46325;0,35086;0,50592;0,53642;0,36562;0,4005;0,52643;0,53109;0,33951;0,34148;0,32027;0,32831;0
0,30799;0,14671;0,1324;0,12415;0,111;0,50609;0,54021;0,37772;0,46325;0,51522;0,50592;0,37339;0,36562;0,49274;0,52643;0,33761;0,33951;0,31825;0,32027;1
0,31771;0,10262;0,1467;0,12833;0,1242;0,55412;0,50609;0,40147;0,37772;0,54031;0,51522;0,40828;0,37339;0,54653;0,49274;0,33622;0,33761;0,31475;0,31825;1
0,32693;0,10073;0,1026;0,12909;0,1283;0,60729;0,55412;0,45081;0,40147;0,54574;0,54031;0,41326;0,40828;0,61403;0,54653;0,33553;0,33622;0,31465;0,31475;1
0,32878;0,12402;0,1007;0,12767;0,1291;0,65107;0,60729;0,4582;0,45081;0,55958;0,54574;0,44668;0,41326;0,65331;0,61403;0,33462;0,33553;0,31694;0,31465;1
0,32029;0,08987;0,124;0,12966;0,1277;0,61477;0,65107;0,45695;0,4582;0,54832;0,55958;0,43376;0,44668;0,6163;0,65331;0,33359;0,33462;0,32034;0,31694;1
0,31746;0,05554;0,0899;0,13251;0,1297;0,58018;0,61477;0,40737;0,45695;0,54053;0,54832;0,42895;0,43376;0,56996;0,6163;0,33252;0,33359;0,32223;0,32034;1
0,32017;0,05061;0,0555;0,13343;0,1325;0,56224;0,58018;0,36481;0,40737;0,55026;0,54053;0,45229;0,42895;0,55079;0,56996;0,3315;0,33252;0,32273;0,32223;1
0,32607;0,04861;0,0506;0,13323;0,1334;0,57341;0,56224;0,34536;0,36481;0,55114;0,55026;0,43029;0,45229;0,57169;0,55079;0,33092;0,3315;0,32255;0,32273;1
