V1;V2;V3;V4;V5;V6;V7;V8;V9;V10;V11;V12;V13;V14;V15;V16;V17;V18;V19;V20;V21
0,24170;0,20332;0,1077;0,12703;0,0837;0,32071;0,38081;0,49241;0,48531;0,34778;0,42842;0,54436;0,61727;0,36127;0,42820;0,31016;0,31289;0,28619;0,29919;0;0
0,18789;0,37544;0,2033;0,22218;0,1270;0,15604;0,32071;0,29038;0,49241;0,28077;0,34778;0,51420;0,54436;0,22157;0,36127;0,30471;0,31016;0,26628;0,28619;0;0
0,16009;0,41621;0,3754;0,31792;0,2222;0,18101;0,15604;0,39621;0,29038;0,22885;0,28077;0,47491;0,51420;0,19461;0,22157;0,29836;0,30471;0,23336;0,26628;0;0
0,13991;0,44950;0,4162;0,40874;0,3179;0,12422;0,18101;0,28188;0,39621;0,17084;0,22885;0,39505;0,47491;0,16699;0,19461;0,29070;0,29836;0,20475;0,23336;0;0
0,15471;0,28094;0,4495;0,46357;0,4087;0,24585;0,12422;0,41537;0,28188;0,16820;0,17084;0,37327;0,39505;0,28882;0,16699;0,28287;0,29070;0,17686;0,20475;0;0
0,12422;0,15954;0,2809;0,52513;0,4636;0,28799;0,24585;0,56761;0,41537;0,14149;0,16820;0,37213;0,37327;0,35348;0,28882;0,27269;0,28287;0,15336;0,17686;0;0
0,13274;0,09382;0,1595;0,56831;0,5251;0,35387;0,28799;0,59771;0,56761;0,14426;0,14149;0,35999;0,37213;0,39864;0,35348;0,26359;0,27269;0,14233;0,15336;0;0
0,12287;0,07968;0,0938;0,60465;0,5683;0,37259;0,35387;0,65343;0,59771;0,13399;0,14426;0,34625;0,35999;0,40903;0,39864;0,25365;0,26359;0,13489;0,14233;0;0
0,13094;0,07783;0,0797;0,62656;0,6047;0,36038;0,37259;0,55469;0,65343;0,14561;0,13399;0,42286;0,34625;0,41423;0,40903;0,24428;0,25365;0,13309;0,13489;0;0
0,13498;0,02249;0,0778;0,63760;0,6266;0,42309;0,36038;0,56978;0,55469;0,15108;0,14561;0,42745;0,42286;0,46394;0,41423;0,23509;0,24428;0,12915;0,13309;0;0
0,13722;0,02369;0,0225;0,63954;0,6376;0,41169;0,42309;0,51290;0,56978;0,13748;0,15108;0,38027;0,42745;0,46491;0,46394;0,22599;0,23509;0,13175;0,12915;0;0
0,13901;0,03052;0,0237;0,62737;0,6395;0,43287;0,41169;0,51471;0,51290;0,11097;0,13748;0,35742;0,38027;0,47758;0,46491;0,21641;0,22599;0,13300;0,13175;0;0
0,14036;0,01042;0,0305;0,59296;0,6274;0,42065;0,43287;0,51470;0,51471;0,14907;0,11097;0,44064;0,35742;0,46621;0,47758;0,20594;0,21641;0,13650;0,13300;0;0
0,12152;0,03924;0,0104;0,56921;0,5930;0,37910;0,42065;0,43810;0,51470;0,08366;0,14907;0,28844;0,44064;0,43242;0,46621;0,19572;0,20594;0,13462;0,13650;0;0
0,13363;0,03930;0,0392;0,50868;0,5692;0,39702;0,37910;0,45964;0,43810;0,16809;0,08366;0,42547;0,28844;0,43177;0,43242;0,18489;0,19572;0,13435;0,13462;0;0
0,16547;0,10201;0,0393;0,46283;0,5087;0,45160;0,39702;0,48416;0,45964;0,24591;0,16809;0,48106;0,42547;0,48311;0,43177;0,17783;0,18489;0,14000;0,13435;0;0
0,15112;0,10728;0,1020;0,42356;0,4628;0,42309;0,45160;0,47220;0,48416;0,16750;0,24591;0,33421;0,48106;0,49708;0,48311;0,17101;0,17783;0,14242;0,14000;0;0
0,16726;0,13090;0,1073;0,33226;0,4236;0,48665;0,42309;0,54944;0,47220;0,25547;0,16750;0,42569;0,33421;0,52859;0,49708;0,16314;0,17101;0,14780;0,14242;0;0
0,13991;0,09399;0,1309;0,26613;0,3323;0,41494;0,48665;0,48358;0,54944;0,19673;0,25547;0,34889;0,42569;0,46004;0,52859;0,15599;0,16314;0,15148;0,14780;0;0
0,09417;0,20385;0,0940;0,16710;0,2661;0,27410;0,41494;0,34009;0,48358;0,20674;0,19673;0,41633;0,34889;0,33821;0,46004;0,14599;0,15599;0,14359;0,15148;0;0
0,09283;0,23418;0,2038;0,10835;0,1671;0,29768;0,27410;0,37831;0,34009;0,28663;0,20674;0,52591;0,41633;0,31222;0,33821;0,13854;0,14599;0,12906;0,14359;0;0
0,10179;0,22781;0,2342;0,09445;0,1083;0,28469;0,29768;0,32219;0,37831;0,34275;0,28663;0,60664;0,52591;0,32066;0,31222;0,13424;0,13854;0,11919;0,12906;0;0
0,09013;0,13613;0,2278;0,10442;0,0944;0,31313;0,28469;0,39563;0,32219;0,35574;0,34275;0,65978;0,60664;0,38304;0,32066;0,13074;0,13424;0,10377;0,11919;0;0
0,10762;0,03640;0,1361;0,10812;0,1044;0,42800;0,31313;0,58363;0,39563;0,35987;0,35574;0,66486;0,65978;0,46719;0,38304;0,12913;0,13074;0,09731;0,10377;0;0
0,12780;0,09425;0,0364;0,10167;0,1081;0,46713;0,42800;0,59504;0,58363;0,43733;0,35987;0,74282;0,66486;0,50455;0,46719;0,12778;0,12913;0,10404;0,09731;0;0
0,08565;0,10609;0,0943;0,11707;0,1017;0,37419;0,46713;0,53625;0,59504;0,35984;0,43733;0,68279;0,74282;0,45354;0,50455;0,12585;0,12778;0,10260;0,10404;0;0
0,07220;0,14247;0,1061;0,13899;0,1171;0,37093;0,37419;0,51291;0,53625;0,35434;0,35984;0,68637;0,68279;0,40773;0,45354;0,12283;0,12585;0,09668;0,10260;0;0
0,05919;0,18675;0,1425;0,16727;0,1390;0,31551;0,37093;0,38781;0,51291;0,32212;0,35434;0,65356;0,68637;0,33918;0,40773;0,11964;0,12283;0,09049;0,09668;0;0
0,06951;0,18185;0,1868;0,18201;0,1673;0,29763;0,31551;0,34598;0,38781;0,33173;0,32212;0,65665;0,65356;0,34600;0,33918;0,11657;0,11964;0,08287;0,09049;0;0
0,07444;0,05351;0,1819;0,19004;0,1820;0,38315;0,29763;0,47700;0,34598;0,33585;0,33173;0,66992;0,65665;0,43145;0,34600;0,11354;0,11657;0,07220;0,08287;0;0
0,07982;0,03949;0,0535;0,19263;0,1900;0,41741;0,38315;0,50457;0,47700;0,34134;0,33585;0,69392;0,66992;0,47173;0,43145;0,11067;0,11354;0,07103;0,07220;0;0
0,09148;0,07184;0,0395;0,18918;0,1926;0,46228;0,41741;0,57833;0,50457;0,35711;0,34134;0,67714;0,69392;0,50390;0,47173;0,10830;0,11067;0,07489;0,07103;0;0
0,09283;0,05930;0,0718;0,18341;0,1892;0,44595;0,46228;0,57950;0,57833;0,38795;0,35711;0,74931;0,67714;0,49578;0,50390;0,10592;0,10830;0,08161;0,07489;0;0
0,08117;0,04164;0,0593;0,18526;0,1834;0,41577;0,44595;0,49438;0,57950;0,35161;0,38795;0,65876;0,74931;0,46881;0,49578;0,10390;0,10592;0,08395;0,08161;0;0
0,07354;0,04368;0,0416;0,18434;0,1853;0,39212;0,41577;0,45184;0,49438;0,29136;0,35161;0,55549;0,65876;0,43307;0,46881;0,10090;0,10390;0,08377;0,08395;0;0
0,08789;0,04235;0,0437;0,15488;0,1843;0,39702;0,39212;0,42250;0,45184;0,33519;0,29136;0,64693;0,55549;0,43047;0,43307;0,09702;0,10090;0,08538;0,08377;0;0
0,07668;0,04174;0,0424;0,13352;0,1549;0,37419;0,39702;0,41772;0,42250;0,29343;0,33519;0,54989;0,64693;0,43112;0,43047;0,09330;0,09702;0,08242;0,08538;0;0
0,09462;0,04623;0,0417;0,08048;0,1335;0,42800;0,37419;0,47939;0,41772;0,36259;0,29343;0,64551;0,54989;0,47141;0,43112;0,08966;0,09330;0,08278;0,08242;0;0
0,09731;0,06138;0,0462;0,04957;0,0805;0,44677;0,42800;0,51056;0,47939;0,43664;0,36259;0,69335;0,64551;0,48895;0,47141;0,08753;0,08966;0,08601;0,08278;0;0
0,10000;0,05211;0,0614;0,05106;0,0496;0,42555;0,44677;0,49138;0,51056;0,44282;0,43664;0,63814;0,69335;0,48213;0,48895;0,08783;0,08753;0,09130;0,08601;0;0
0,09641;0,05211;0,0521;0,05170;0,0511;0,43942;0,42555;0,51835;0,49138;0,42361;0,44282;0,58186;0,63814;0,48213;0,48213;0,08800;0,08783;0,09300;0,09130;0;0
0,10359;0,00887;0,0521;0,05241;0,0517;0,41984;0,43942;0,46442;0,51835;0,45243;0,42361;0,59366;0,58186;0,46199;0,48213;0,08809;0,08800;0,09839;0,09300;0;0
0,11345;0,03415;0,0089;0,06030;0,0524;0,43289;0,41984;0,46022;0,46442;0,44076;0,45243;0,58186;0,59366;0,47563;0,46199;0,08926;0,08809;0,10215;0,09839;0;0
0,09731;0,03415;0,0341;0,05678;0,0603;0,39865;0,43289;0,45065;0,46022;0,38521;0,44076;0,48271;0,58186;0,45809;0,47563;0,08874;0,08926;0,10215;0,10215;0;0
0,11076;0,04003;0,0341;0,04240;0,0568;0,42963;0,39865;0,46322;0,45065;0,47028;0,38521;0,60390;0,48271;0,46589;0,45809;0,08789;0,08874;0,10430;0,10215;0;0
0,10987;0,03122;0,0400;0,04872;0,0424;0,41495;0,42963;0,46682;0,46322;0,48951;0,47028;0,62236;0,60390;0,45679;0,46589;0,08910;0,08789;0,10700;0,10430;0;0
0,12018;0,04461;0,0312;0,05624;0,0487;0,41576;0,41495;0,45784;0,46682;0,52523;0,48951;0,67310;0,62236;0,46849;0,45679;0,09150;0,08910;0,11031;0,10700;0;0
0,11076;0,04336;0,0446;0,04536;0,0562;0,42800;0,41576;0,49197;0,45784;0,49501;0,52523;0,64336;0,67310;0,47596;0,46849;0,09408;0,09150;0,10978;0,11031;0;0
0,08565;0,07854;0,0434;0,03738;0,0454;0,35790;0,42800;0,41774;0,49197;0,44900;0,49501;0,60596;0,64336;0,41391;0,47596;0,09489;0,09408;0,10744;0,10978;0;0
0,08834;0,09528;0,0785;0,03138;0,0374;0,36442;0,35790;0,43330;0,41774;0,44488;0,44900;0,59878;0,60596;0,39344;0,41391;0,09558;0,09489;0,10296;0,10744;0;0
0,08565;0,10323;0,0953;0,02893;0,0314;0,34080;0,36442;0,41535;0,43330;0,42292;0,44488;0,57062;0,59878;0,38337;0,39344;0,09587;0,09558;0,09812;0,10296;0;0
0,12422;0,11369;0,1032;0,04028;0,0289;0,42799;0,34080;0,47041;0,41535;0,47988;0,42292;0,59008;0,57062;0,46914;0,38337;0,09751;0,09587;0,09892;0,09812;0;0
0,13498;0,16019;0,1137;0,05797;0,0403;0,49323;0,42799;0,56988;0,47041;0,51421;0,47988;0,64282;0,59008;0,54711;0,46914;0,09962;0,09751;0,10377;0,09892;0;0
0,13363;0,16415;0,1602;0,06635;0,0580;0,48589;0,49323;0,55968;0,56988;0,52383;0,51421;0,69508;0,64282;0,55101;0,54711;0,10224;0,09962;0,11336;0,10377;0;0
0,13946;0,14546;0,1641;0,07041;0,0663;0,50139;0,48589;0,58846;0,55968;0,51077;0,52383;0,65253;0,69508;0,53444;0,55101;0,10554;0,10224;0,12359;0,11336;0;0
0,12556;0,03104;0,1455;0,07063;0,0704;0,40598;0,50139;0,45425;0,58846;0,50667;0,51077;0,68072;0,65253;0,45484;0,53444;0,10742;0,10554;0,13157;0,12359;0;0
0,13677;0,02179;0,0310;0,06753;0,0706;0,40680;0,40598;0,40698;0,45425;0,49635;0,50667;0,62129;0,68072;0,44639;0,45484;0,11043;0,10742;0,13408;0,13157;0;0
0,13274;0,02179;0,0218;0,06959;0,0675;0,40191;0,40680;0,40878;0,40698;0,48605;0,49635;0,55835;0,62129;0,44639;0,44639;0,11233;0,11043;0,13363;0,13408;0;0
0,11390;0,05902;0,0218;0,06679;0,0696;0,35711;0,40191;0,36454;0,40878;0,45311;0,48605;0,52920;0,55835;0,41780;0,44639;0,11316;0,11233;0,12969;0,13363;0;0
0,10583;0,07879;0,0590;0,06534;0,0668;0,36769;0,35711;0,44228;0,36454;0,44625;0,45311;0,53841;0,52920;0,40448;0,41780;0,11345;0,11316;0,12296;0,12969;0;0
0,10807;0,08924;0,0788;0,06207;0,0653;0,35141;0,36769;0,42972;0,44228;0,43870;0,44625;0,51131;0,53841;0,38856;0,40448;0,11404;0,11345;0,11946;0,12296;0;0
0,09865;0,07854;0,0892;0,06362;0,0621;0,34163;0,35141;0,42613;0,42972;0,40920;0,43870;0,49803;0,51131;0,39604;0,38856;0,11379;0,11404;0,11184;0,11946;0;0
0,08969;0,05214;0,0785;0,07021;0,0636;0,35953;0,34163;0,47219;0,42613;0,42018;0,40920;0,54761;0,49803;0,40936;0,39604;0,11260;0,11379;0,10323;0,11184;0;0
0,07668;0,07833;0,0521;0,08179;0,0702;0,35056;0,35953;0,45782;0,47219;0,37970;0,42018;0,45409;0,54761;0,39409;0,40936;0,11157;0,11260;0,09578;0,10323;0;0
0,08655;0,07162;0,0783;0,08808;0,0818;0,36442;0,35056;0,47997;0,45782;0,39617;0,37970;0,45204;0,45409;0,40253;0,39409;0,11036;0,11157;0,09193;0,09578;0;0
0,06861;0,06940;0,0716;0,10439;0,0881;0,34892;0,36442;0,47577;0,47997;0,35296;0,39617;0,39334;0,45204;0,40383;0,40253;0,10830;0,11036;0,08404;0,09193;0;0
0,07040;0,05293;0,0694;0,11506;0,1044;0,36848;0,34892;0,47699;0,47577;0,37010;0,35296;0,42855;0,39334;0,41585;0,40383;0,10581;0,10830;0,07839;0,08404;0;0
0,07489;0,03501;0,0529;0,12258;0,1151;0,40028;0,36848;0,50695;0,47699;0,41537;0,37010;0,49648;0,42855;0,43535;0,41585;0,10401;0,10581;0,07543;0,07839;0;0
0,05561;0,06580;0,0350;0,13861;0,1226;0,34728;0,40028;0,45781;0,50695;0,38174;0,41537;0,47450;0,49648;0,40936;0,43535;0,10251;0,10401;0,07121;0,07543;0;0
0,07220;0,03846;0,0658;0,14408;0,1386;0,41006;0,34728;0,51535;0,45781;0,41125;0,38174;0,51284;0,47450;0,44412;0,40936;0,10170;0,10251;0,06834;0,07121;0;0
0,07578;0,04378;0,0385;0,14719;0,1441;0,41333;0,41006;0,50337;0,51535;0,35777;0,41125;0,43061;0,51284;0,45549;0,44412;0,10121;0,10170;0,06978;0,06834;0;0
0,04350;0,08874;0,0438;0,16515;0,1472;0,34645;0,41333;0,43087;0,50337;0,29196;0,35777;0,35612;0,43061;0,41878;0,45549;0,09717;0,10121;0,06439;0,06978;0;0
0,01435;0,16739;0,0887;0,19597;0,1651;0,32848;0,34645;0,45659;0,43087;0,24945;0,29196;0,31734;0,35612;0,36907;0,41878;0,09114;0,09717;0,05229;0,06439;0;0
0,02780;0,18289;0,1674;0,20595;0,1960;0,32279;0,32848;0,40631;0,45659;0,26112;0,24945;0,33572;0,31734;0,34081;0,36907;0,08585;0,09114;0,04673;0,05229;0;0
0,04036;0,15276;0,1829;0,19813;0,2059;0,33911;0,32279;0,41590;0,40631;0,30154;0,26112;0,36885;0,33572;0,38694;0,34081;0,08090;0,08585;0,04036;0,04673;0;0
0,03408;0,06873;0,1528;0,19677;0,1981;0,38640;0,33911;0,49978;0,41590;0,27483;0,30154;0,35662;0,36885;0,45484;0,38694;0,07632;0,08090;0,03202;0,04036;0;0
0,03857;0,06085;0,0687;0,17952;0,1968;0,44764;0,38640;0,55802;0,49978;0,28784;0,27483;0,37396;0,35662;0,48928;0,45484;0,07141;0,07632;0,03103;0,03202;0;0
0,05471;0,05693;0,0609;0,15324;0,1795;0,45252;0,44764;0,56579;0,55802;0,34129;0,28784;0,43824;0,37396;0,48733;0,48928;0,06751;0,07141;0,03910;0,03103;0;0
0,03722;0,04231;0,0569;0,14171;0,1532;0,39783;0,45252;0,51357;0,56579;0,32687;0,34129;0,43260;0,43824;0,46004;0,48733;0,06368;0,06751;0,04099;0,03910;0;0
0,02780;0,05693;0,0423;0,13547;0,1417;0,39211;0,39783;0,47461;0,51357;0,30904;0,32687;0,42493;0,43260;0,43957;0,46004;0,05978;0,06368;0,03848;0,04099;0;0
0,05830;0,07778;0,0569;0,11487;0,1355;0,43945;0,39211;0,46440;0,47461;0,37008;0,30904;0,49238;0,42493;0,45874;0,43957;0,05729;0,05978;0,04332;0,03848;0;0
0,05561;0,08274;0,0778;0,09816;0,1149;0,40517;0,43945;0,43565;0,46440;0,37968;0,37008;0,49136;0,49238;0,46621;0,45874;0,05513;0,05729;0,04673;0,04332;0;0
0,06368;0,09613;0,0827;0,08653;0,0982;0,45170;0,40517;0,50999;0,43565;0,41193;0,37968;0,54557;0,49136;0,50812;0,46621;0,05383;0,05513;0,04852;0,04673;0;0
0,06592;0,09675;0,0961;0,08249;0,0865;0,47293;0,45170;0,52979;0,50999;0,40027;0,41193;0,52460;0,54557;0,50877;0,50812;0,05330;0,05383;0,05426;0,04852;0;0
0,06592;0,01774;0,0968;0,07174;0,0825;0,41741;0,47293;0,45423;0,52979;0,42772;0,40027;0,57730;0,52460;0,46816;0,50877;0,05226;0,05330;0,06188;0,05426;0;0
0,05695;0,01986;0,0177;0,06881;0,0717;0,40599;0,41741;0,47101;0,45423;0,41124;0,42772;0,55222;0,57730;0,45322;0,46816;0,05168;0,05226;0,06161;0,06188;0;0
0,06278;0,01022;0,0199;0,06607;0,0688;0,40191;0,40599;0,43386;0,47101;0,41330;0,41124;0,52000;0,55222;0,44185;0,45322;0,05130;0,05168;0,06305;0,06161;0;0
0,06457;0,01067;0,0102;0,06137;0,0661;0,40109;0,40191;0,41768;0,43386;0,44558;0,41330;0,56913;0,52000;0,44542;0,44185;0,05078;0,05130;0,06323;0,06305;0;0
0,06861;0,01530;0,0107;0,06487;0,0614;0,40843;0,40109;0,46382;0,41768;0,42635;0,44558;0,53279;0,56913;0,45906;0,44542;0,05143;0,05078;0,06377;0,06323;0;0
0,08475;0,06079;0,0153;0,07277;0,0649;0,45412;0,40843;0,50577;0,46382;0,44557;0,42635;0,58702;0,53279;0,49415;0,45906;0,05206;0,05143;0,06753;0,06377;0;0
0,10493;0,11490;0,0608;0,09596;0,0728;0,48022;0,45412;0,52794;0,50577;0,52595;0,44557;0,69621;0,58702;0,52534;0,49415;0,05352;0,05206;0,07713;0,06753;0;0
0,09596;0,11113;0,1149;0,11073;0,0960;0,46064;0,48022;0,51416;0,52794;0,55694;0,52595;0,75121;0,69621;0,52144;0,52534;0,05614;0,05352;0,08377;0,07713;0;0
0,08386;0,08467;0,1111;0,09931;0,1107;0,43127;0,46064;0,48719;0,51416;0,51774;0,55694;0,71318;0,75121;0,47986;0,52144;0,05962;0,05614;0,08762;0,08377;0;0
0,04395;0,15592;0,0847;0,09160;0,0993;0,32934;0,43127;0,37880;0,48719;0,43734;0,51774;0,62290;0,71318;0,37524;0,47986;0,06043;0,05962;0,08269;0,08762;0;0
0,05022;0,18559;0,1559;0,08850;0,0916;0,30410;0,32934;0,34114;0,37880;0,45658;0,43734;0,65724;0,62290;0,33268;0,37524;0,06092;0,06043;0,07578;0,08269;0;0
0,07040;0,14578;0,1856;0,08115;0,0885;0,35707;0,30410;0,39438;0,34114;0,48062;0,45658;0,66545;0,65724;0,38824;0,33268;0,06274;0,06092;0,06888;0,07578;0;0
0,05830;0,10159;0,1458;0,07470;0,0811;0,35706;0,35707;0,41591;0,39438;0,43733;0,48062;0,59319;0,66545;0,43177;0,38824;0,06372;0,06274;0,06135;0,06888;0;0
0,06188;0,05905;0,1016;0,07379;0,0747;0,43618;0,35706;0,54896;0,41591;0,46963;0,43733;0,62806;0,59319;0,48148;0,43177;0,06408;0,06372;0,05695;0,06135;0;0
0,06188;0,03696;0,0590;0,06504;0,0738;0,42476;0,43618;0,55914;0,54896;0,48406;0,46963;0,65216;0,62806;0,46036;0,48148;0,06531;0,06408;0,06054;0,05695;0;0
0,06951;0,02219;0,0370;0,04584;0,0650;0,40191;0,42476;0,50337;0,55914;0,44901;0,48406;0,58039;0,65216;0,45094;0,46036;0,06740;0,06531;0,06439;0,06054;0;0
0,07265;0,02728;0,0222;0,04491;0,0458;0,42965;0,40191;0,52376;0,50337;0,45794;0,44901;0,57989;0,58039;0,47596;0,45094;0,06812;0,06740;0,06484;0,06439;0;0
0,07489;0,02774;0,0273;0,04307;0,0449;0,42720;0,42965;0,46381;0,52376;0,44901;0,45794;0,54917;0,57989;0,47628;0,47596;0,06908;0,06812;0,06816;0,06484;0;0
0,06996;0,01941;0,0277;0,04263;0,0431;0,41822;0,42720;0,46561;0,46381;0,43802;0,44901;0,54968;0,54917;0,46524;0,47628;0,06939;0,06908;0,06978;0,06816;0;0
0,06323;0,01547;0,0194;0,04300;0,0426;0,39212;0,41822;0,46322;0,46561;0,42772;0,43802;0,52154;0,54968;0,43860;0,46524;0,06926;0,06939;0,07004;0,06978;0;0
0,07892;0,02646;0,0155;0,04405;0,0430;0,41496;0,39212;0,45962;0,46322;0,46549;0,42772;0,56197;0,52154;0,45029;0,43860;0,06991;0,06926;0,07193;0,07004;0;0
0,08475;0,04413;0,0265;0,04425;0,0441;0,42148;0,41496;0,46621;0,45962;0,46549;0,46549;0,56043;0,56197;0,47044;0,45029;0,07130;0,06991;0,07435;0,07193;0;0
0,08027;0,04730;0,0441;0,04414;0,0443;0,42230;0,42148;0,47340;0,46621;0,45587;0,46549;0,52921;0,56043;0,48018;0,47044;0,07217;0,07130;0,07543;0,07435;0;0
0,08565;0,04995;0,0473;0,04558;0,0441;0,44433;0,42230;0,50877;0,47340;0,45793;0,45587;0,54507;0,52921;0,48311;0,48018;0,07323;0,07217;0,07857;0,07543;0;0
0,07937;0,00641;0,0499;0,04573;0,0456;0,40435;0,44433;0,46262;0,50877;0,42360;0,45793;0,50517;0,54507;0,45094;0,48311;0,07377;0,07323;0,08179;0,07857;0;0
0,08117;0,00366;0,0064;0,04479;0,0457;0,39702;0,40435;0,45244;0,46262;0,39548;0,42360;0,42444;0,50517;0,44379;0,45094;0,07359;0,07377;0,08224;0,08179;1;1
0,08072;0,00110;0,0037;0,03025;0,0448;0,40435;0,39702;0,45723;0,45244;0,40851;0,39548;0,41112;0,42444;0,44704;0,44379;0,07238;0,07359;0,08143;0,08224;1;1
0,08117;0,00054;0,0011;0,02197;0,0302;0,39539;0,40435;0,43447;0,45723;0,42772;0,40851;0,45454;0,41112;0,44412;0,44704;0,07164;0,07238;0,08161;0,08143;1;1
0,07489;0,00267;0,0005;0,01941;0,0220;0,39538;0,39539;0,46382;0,43447;0,47924;0,42772;0,55276;0,45454;0,44314;0,44412;0,07119;0,07164;0,07946;0,08161;1;1
0,08386;0,00743;0,0027;0,00650;0,0194;0,40843;0,39538;0,47880;0,46382;0,48335;0,47924;0,54148;0,55276;0,44932;0,44314;0,07318;0,07119;0,08036;0,07946;1;1
0,05785;0,06078;0,0074;0,00000;0,0065;0,36195;0,40843;0,43926;0,47880;0,41262;0,48335;0,47090;0,54148;0,41845;0,44932;0,07357;0,07318;0,07570;0,08036;1;1
0,05426;0,08345;0,0608;0,00765;0,0000;0,35461;0,36195;0,44046;0,43926;0,42566;0,41262;0,51284;0,47090;0,39831;0,41845;0,07276;0,07357;0,07040;0,07570;1;1
0,05561;0,08155;0,0835;0,00940;0,0077;0,36847;0,35461;0,45064;0,44046;0,42223;0,42566;0,48624;0,51284;0,40026;0,39831;0,07262;0,07276;0,06529;0,07040;1;1
0,01659;0,16100;0,0816;0,05572;0,0094;0,28122;0,36847;0,37697;0,45064;0,36248;0,42223;0,43101;0,48624;0,35055;0,40026;0,07036;0,07262;0,05363;0,06529;1;1
0,01794;0,14017;0,1610;0,08566;0,0557;0,33093;0,28122;0,44761;0,37697;0,35288;0,36248;0,44993;0,43101;0,36452;0,35055;0,06816;0,07036;0,04045;0,05363;1;1
0,00000;0,16691;0,1402;0,12658;0,0857;0,30481;0,33093;0,43381;0,44761;0,32062;0,35288;0,41926;0,44993;0,34373;0,36452;0,06469;0,06816;0,02888;0,04045;1;1
0,03453;0,13902;0,1669;0,13293;0,1266;0,36519;0,30481;0,46800;0,43381;0,37005;0,32062;0,46272;0,41926;0,40708;0,34373;0,06278;0,06469;0,02493;0,02888;1;1
0,15695;0,45481;0,1390;0,19210;0,1329;0,65912;0,36519;0,74839;0,46800;0,56504;0,37005;0,61617;0,46272;0,66504;0,40708;0,06688;0,06278;0,04520;0,02493;1;1
0,11839;0,48942;0,4548;0,20748;0,1921;0,58644;0,65912;0,65826;0,74839;0,51630;0,56504;0,58754;0,61617;0,70890;0,66504;0,06930;0,06688;0,06556;0,04520;1;1
0,10628;0,45907;0,4894;0,21471;0,2075;0,59713;0,58644;0,68538;0,65826;0,47371;0,51630;0,52766;0,58754;0,66439;0,70890;0,07146;0,06930;0,08323;0,06556;1;1
0,11031;0,31184;0,4591;0,22271;0,2147;0,54149;0,59713;0,59997;0,68538;0,47096;0,47371;0,52562;0,52766;0,52274;0,66439;0,07303;0,07146;0,10529;0,08323;1;1
0,11211;0,13618;0,3118;0,23020;0,2227;0,32212;0,54149;0,22356;0,59997;0,48058;0,47096;0,53994;0,52562;0,37882;0,52274;0,07439;0,07303;0,12081;0,10529;1;1
0,10583;0,02082;0,1362;0,23520;0,2302;0,38072;0,32212;0,31960;0,22356;0,46273;0,48058;0,52511;0,53994;0,43567;0,37882;0,07567;0,07439;0,11058;0,12081;1;1
0,10897;0,00270;0,0208;0,24045;0,2352;0,40843;0,38072;0,33210;0,31960;0,47715;0,46273;0,56144;0,52511;0,45029;0,43567;0,07684;0,07567;0,10870;0,11058;1;1
0,10897;0,00000;0,0027;0,24561;0,2404;0,40109;0,40843;0,36744;0,33210;0,47440;0,47715;0,58037;0,56144;0,44542;0,45029;0,07832;0,07684;0,10924;0,10870;1;1
0,12646;0,04322;0,0000;0,25690;0,2456;0,42962;0,40109;0,54945;0,36744;0,50186;0,47440;0,59111;0,58037;0,47271;0,44542;0,08058;0,07832;0,11247;0,10924;1;1
0,11525;0,04386;0,0432;0,26259;0,2569;0,42066;0,42962;0,49975;0,54945;0,48401;0,50186;0,56348;0,59111;0,47596;0,47271;0,08231;0,08058;0,11309;0,11247;1;1
0,12108;0,03971;0,0439;0,26955;0,2626;0,42555;0,42066;0,48298;0,49975;0,50255;0,48401;0,53890;0,56348;0,47173;0,47596;0,08430;0,08231;0,11614;0,11309;1;1
0,11570;0,03186;0,0397;0,27347;0,2696;0,41576;0,42555;0,48119;0,48298;0,48057;0,50255;0,51947;0,53890;0,45549;0,47173;0,08635;0,08430;0,11749;0,11614;1;1
0,10852;0,03295;0,0319;0,27564;0,2735;0,37095;0,41576;0,42733;0,48119;0,50944;0,48057;0,59370;0,51947;0,42398;0,45549;0,08758;0,08635;0,11740;0,11749;1;1
0,11345;0,01644;0,0329;0,27388;0,2756;0,40028;0,37095;0,45545;0,42733;0,52250;0,50944;0,59370;0,59370;0,43795;0,42398;0,09036;0,08758;0,11480;0,11740;1;1
0,11704;0,01729;0,0164;0,27009;0,2739;0,39621;0,40028;0,44886;0,45545;0,52593;0,52250;0,59882;0,59370;0,44217;0,43795;0,09350;0,09036;0,11516;0,11480;1;1
0,11928;0,01333;0,0173;0,26535;0,2701;0,41006;0,39621;0,46622;0,44886;0,58924;0,52593;0,69065;0,59882;0,46101;0,44217;0,09668;0,09350;0,11480;0,11516;1;1
0,10762;0,02090;0,0133;0,23066;0,2653;0,40191;0,41006;0,49316;0,46622;0,56930;0,58924;0,68296;0,69065;0,45257;0,46101;0,10123;0,09668;0,11318;0,11480;1;1
0,10987;0,01883;0,0209;0,18779;0,2307;0,39702;0,40191;0,46802;0,49316;0,60029;0,56930;0,73023;0,68296;0,43762;0,45257;0,10583;0,10123;0,11345;0,11318;1;1
0,09552;0,05240;0,0188;0,09905;0,1878;0,36442;0,39702;0,44706;0,46802;0,52528;0,60029;0,63729;0,73023;0,41163;0,43762;0,11061;0,10583;0,10987;0,11345;1;1
0,09910;0,05240;0,0524;0,02716;0,0991;0,36687;0,36442;0,43869;0,44706;0,34343;0,52528;0,35671;0,63729;0,41163;0,41163;0,11383;0,11061;0,10628;0,10987;1;1
0,08610;0,05415;0,0524;0,00138;0,0272;0,36442;0,36687;0,44287;0,43869;0,38246;0,34343;0,42192;0,35671;0,41066;0,41163;0,11029;0,11383;0,09964;0,10628;1;1
0,07130;0,09067;0,0541;0,02721;0,0014;0,33345;0,36442;0,42371;0,44287;0,37833;0,38246;0,45050;0,42192;0,38694;0,41066;0,10794;0,11029;0,09238;0,09964;1;1
0,11839;0,11138;0,0907;0,02885;0,0272;0,44512;0,33345;0,52971;0,42371;0,44419;0,37833;0,50160;0,45050;0,46264;0,38694;0,10854;0,10794;0,09408;0,09238;1;1
0,17982;0,29589;0,1114;0,08985;0,0289;0,55027;0,44512;0,60519;0,52971;0,53542;0,44419;0,56238;0,50160;0,58999;0,46264;0,11202;0,10854;0,11094;0,09408;0;0
0,23408;0,48719;0,2959;0,19828;0,0898;0,67262;0,55027;0,69691;0,60519;0,62806;0,53542;0,64468;0,56238;0,74269;0,58999;0,11812;0,11202;0,13794;0,11094;0;0
0,35157;0,78960;0,4872;0,42082;0,1983;0,91332;0,67262;0,89671;0,69691;0,80298;0,62806;0,76418;0,64468;0,93957;0,74269;0,13040;0,11812;0,19103;0,13794;0;0
0,36906;0,78641;0,7896;0,57495;0,4208;0,85905;0,91332;0,77434;0,89671;0,82974;0,80298;0,78616;0,76418;0,93730;0,93957;0,14341;0,13040;0,25058;0,19103;0;0
0,36413;0,62844;0,7864;0,67964;0,5749;0,73804;0,85905;0,60811;0,77434;0,79531;0,82974;0,73999;0,78616;0,81449;0,93730;0,15617;0,14341;0,29973;0,25058;0;0
0,38655;0,43599;0,6284;0,78028;0,6796;0,67995;0,73804;0,47578;0,60811;0,84684;0,79531;0,79170;0,73999;0,67966;0,81449;0,16917;0,15617;0,34108;0,29973;0;0
0,39013;0,10180;0,4360;0,85844;0,7803;0,47329;0,67995;0,14900;0,47578;0,84336;0,84684;0,77524;0,79170;0,51819;0,67966;0,18291;0,16917;0,37229;0,34108;0;0
0,40135;0,09706;0,1018;0,92693;0,8584;0,46191;0,47329;0,18015;0,14900;0,86878;0,84336;0,81061;0,77524;0,51527;0,51819;0,19693;0,18291;0,38224;0,37229;0;0
0,38610;0,08315;0,0971;0,96833;0,9269;0,44327;0,46191;0,25469;0,18015;0,85650;0,86878;0,77987;0,81061;0,49220;0,51527;0,21045;0,19693;0,38565;0,38224;0;0
0,37534;0,05216;0,0831;0,98916;0,9683;0,38328;0,44327;0,25315;0,25469;0,83245;0,85650;0,75221;0,77987;0,43047;0,49220;0,22379;0,21045;0,38789;0,38565;0;0
0,37399;0,06654;0,0522;1,00000;0,9892;0,37436;0,38328;0,39780;0,25315;0,82487;0,83245;0,74401;0,75221;0,40741;0,43047;0,23682;0,22379;0,38538;0,38789;0;0
0,36323;0,08986;0,0665;0,99784;1,0000;0,33467;0,37436;0,37700;0,39780;0,80496;0,82487;0,68195;0,74401;0,38564;0,40741;0,24913;0,23682;0,38000;0,38538;0;0
0,35785;0,06489;0,0899;0,98559;0,9978;0,35248;0,33467;0,40375;0,37700;0,81466;0,80496;0,70402;0,68195;0,39994;0,38564;0,26105;0,24913;0,37130;0,38000;0;0
0,35919;0,04402;0,0649;0,95855;0,9856;0,37436;0,35248;0,46386;0,40375;0,81327;0,81466;0,67988;0,70402;0,41455;0,39994;0,27363;0,26105;0,36592;0,37130;0;0
0,37444;0,04217;0,0440;0,92569;0,9586;0,40435;0,37436;0,49245;0,46386;0,85867;0,81327;0,76964;0,67988;0,44737;0,41455;0,28686;0,27363;0,36574;0,36592;0;0
0,36592;0,03186;0,0422;0,86762;0,9257;0,40840;0,40435;0,52462;0,49245;0,84011;0,85867;0,89206;0,76964;0,46556;0,44737;0,30038;0,28686;0,36413;0,36574;0;0
0,36323;0,03186;0,0319;0,79429;0,8676;0,41327;0,40840;0,51509;0,52462;0,85600;0,84011;0,87462;0,89206;0,46231;0,46556;0,31359;0,30038;0,36413;0,36413;0;0
0,38789;0,06740;0,0319;0,69123;0,7943;0,45544;0,41327;0,52999;0,51509;0,91655;0,85600;0,92286;0,87462;0,48311;0,46231;0,32868;0,31359;0,37013;0,36413;0;0
0,37668;0,05530;0,0674;0,52435;0,6912;0,40759;0,45544;0,47279;0,52999;0,82692;0,91655;0,80667;0,92286;0,46881;0,48311;0,34395;0,32868;0,37363;0,37013;0;0
0,40000;0,09689;0,0553;0,35768;0,5244;0,46516;0,40759;0,51210;0,47279;0,76820;0,82692;0,69474;0,80667;0,50877;0,46881;0,35803;0,34395;0,37874;0,37363;0;0
0,39462;0,09214;0,0969;0,20432;0,3577;0,46030;0,46516;0,50495;0,51210;0,67682;0,76820;0,55778;0,69474;0,50390;0,50877;0,36877;0,35803;0,38448;0,37874;0;0
0,35740;0,10825;0,0921;0,04719;0,2043;0,34843;0,46030;0,39185;0,50495;0,44072;0,67682;0,25293;0,55778;0,41845;0,50390;0,37493;0,36877;0,38332;0,38448;0;0
0,37892;0,10727;0,1082;0,03903;0,0472;0,40759;0,34843;0,47041;0,39185;0,44685;0,44072;0,23774;0,25293;0,42203;0,41845;0,37630;0,37493;0,38152;0,38332;0;0
0,36502;0,11897;0,1073;0,04012;0,0390;0,34034;0,40759;0,37878;0,47041;0,43321;0,44685;0,25302;0,23774;0,38759;0,42203;0,37610;0,37630;0,37919;0,38152;0;0
0,35157;0,11176;0,1190;0,04660;0,0401;0,32575;0,34034;0,37163;0,37878;0,37863;0,43321;0,17458;0,25302;0,39279;0,38759;0,37547;0,37610;0,36951;0,37919;0;0
0,39776;0,12031;0,1118;0,05163;0,0466;0,47652;0,32575;0,56457;0,37163;0,44344;0,37863;0,22517;0,17458;0,48830;0,39279;0,37603;0,37547;0,37013;0,36951;0;0
0,40717;0,15230;0,1203;0,06138;0,0516;0,45461;0,47652;0,50495;0,56457;0,44071;0,44344;0,20441;0,22517;0,51429;0,48830;0,37688;0,37603;0,38009;0,37013;0;0
0,44978;0,26858;0,1523;0,10971;0,0614;0,55679;0,45461;0,62952;0,50495;0,52871;0,44071;0,27867;0,20441;0,61274;0,51429;0,37930;0,37688;0,39426;0,38009;0;0
0,42646;0,25445;0,2686;0,12789;0,1097;0,53898;0,55679;0,62719;0,62952;0,50963;0,52871;0,28227;0,27867;0,59584;0,61274;0,38132;0,37930;0,40655;0,39426;0;0
0,40045;0,14461;0,2544;0,13035;0,1279;0,40840;0,53898;0,42041;0,62719;0,47210;0,50963;0,26004;0,28227;0,46751;0,59584;0,38258;0,38132;0,41632;0,40655;0;0
0,40179;0,13868;0,1446;0,13244;0,1303;0,39382;0,40840;0,42578;0,42041;0,49054;0,47210;0,28841;0,26004;0,40611;0,46751;0,38397;0,38258;0,41713;0,41632;0;0
0,39372;0,15593;0,1387;0,12933;0,1324;0,30236;0,39382;0,28383;0,42578;0,48645;0,49054;0,27822;0,28841;0,35055;0,40611;0,38549;0,38397;0,41444;0,41713;0;0
0,39462;0,08197;0,1559;0,12307;0,1293;0,34604;0,30236;0,32889;0,28383;0,48576;0,48645;0,27874;0,27822;0,39864;0,35055;0,38733;0,38549;0,40341;0,41444;0;0
0,39865;0,00927;0,0820;0,11668;0,1231;0,40030;0,34604;0,46446;0,32889;0,46869;0,48576;0,23259;0,27874;0,44185;0,39864;0,38930;0,38733;0,39785;0,40341;0;0
0,40135;0,01063;0,0093;0,11569;0,1167;0,40273;0,40030;0,47696;0,46446;0,48576;0,46869;0,25892;0,23259;0,45257;0,44185;0,39065;0,38930;0,39803;0,39785;0;0
0,40000;0,00776;0,0106;0,11048;0,1157;0,41488;0,40273;0,55316;0,47696;0,48781;0,48576;0,24872;0,25892;0,46361;0,45257;0,39235;0,39065;0,39767;0,39803;0;0
0,38879;0,02061;0,0078;0,10242;0,1105;0,39300;0,41488;0,50493;0,55316;0,43320;0,48781;0,16369;0,24872;0,44217;0,46361;0,39363;0,39235;0,39668;0,39767;0;0
0,39148;0,02423;0,0206;0,10215;0,1024;0,39058;0,39300;0,46327;0,50493;0,45436;0,43320;0,24538;0,16369;0,43015;0,44217;0,39381;0,39363;0,39605;0,39668;0;0
0,38834;0,02917;0,0242;0,09956;0,1021;0,38004;0,39058;0,45375;0,46327;0,41411;0,45436;0,25887;0,24538;0,42463;0,43015;0,39439;0,39381;0,39399;0,39605;0;0
0,36996;0,06433;0,0292;0,10451;0,0996;0,34925;0,38004;0,42221;0,45375;0,39433;0,41411;0,31173;0,25887;0,40578;0,42463;0,39289;0,39439;0,38771;0,39399;0;0
0,37085;0,06118;0,0643;0,10873;0,1045;0,37112;0,34925;0,45433;0,42221;0,45232;0,39433;0,53018;0,31173;0,40806;0,40578;0,39170;0,39289;0,38188;0,38771;0;0
0,37758;0,05626;0,0612;0,09934;0,1087;0,37842;0,37112;0,46148;0,45433;0,42979;0,45232;0,50883;0,53018;0,41683;0,40806;0,39271;0,39170;0,37964;0,38188;0;0
0,38610;0,04573;0,0563;0,09790;0,0993;0,39949;0,37842;0,48470;0,46148;0,46392;0,42979;0,54442;0,50883;0,45192;0,41683;0,39307;0,39271;0,37857;0,37964;0;0
0,42691;0,15801;0,0457;0,09951;0,0979;0,50650;0,39949;0,58600;0,48470;0,54653;0,46392;0,64673;0,54442;0,54321;0,45192;0,39617;0,39307;0,38628;0,37857;0;0
0,36637;0,16294;0,1580;0,08842;0,0995;0,39543;0,50650;0,48828;0,58600;0,38410;0,54653;0,47733;0,64673;0,47888;0,54321;0,39691;0,39617;0,38556;0,38628;0;0
0,37399;0,15969;0,1629;0,09346;0,0884;0,39705;0,39543;0,48411;0,48828;0,38138;0,38410;0,47734;0,47733;0,43015;0,47888;0,39572;0,39691;0,38619;0,38556;0;0
0,36054;0,17906;0,1597;0,10316;0,0935;0,35734;0,39705;0,43945;0,48411;0,29626;0,38138;0,34855;0,47734;0,37427;0,43015;0,39339;0,39572;0,38278;0,38619;0;0
0,38386;0,17868;0,1791;0,06847;0,1032;0,32580;0,35734;0,33782;0,43945;0,36708;0,29626;0,41544;0,34855;0,38304;0,37427;0,39009;0,39339;0,38233;0,38278;0;0
0,50762;0,43987;0,1787;0,17295;0,0685;0,65894;0,32580;0,66400;0,33782;0,59484;0,36708;0,61294;0,41544;0,66147;0,38304;0,39415;0,39009;0,39848;0,38233;0;0
0,50897;0,53654;0,4399;0,24666;0,1729;0,64755;0,65894;0,65444;0,66400;0,59484;0,59484;0,59919;0,61294;0,75179;0,66147;0,39957;0,39415;0,42700;0,39848;0;0
0,42063;0,49524;0,5365;0,24884;0,2467;0,51220;0,64755;0,58423;0,65444;0,47277;0,59484;0,51135;0,59919;0,62736;0,75179;0,40052;0,39957;0,43632;0,42700;0;0
0,37534;0,46673;0,4952;0,25177;0,2488;0,38814;0,51220;0,51625;0,58423;0,40251;0,47277;0,45955;0,51135;0,37427;0,62736;0,39960;0,40052;0,43928;0,43632;0;0
0,38072;0,47175;0,4667;0,25341;0,2518;0,17473;0,38814;0,11573;0,51625;0,40456;0,40251;0,47378;0,45955;0,16894;0,37427;0,39890;0,39960;0,43865;0,43928;0;0
0,35740;0,43270;0,4718;0,26163;0,2534;0,13027;0,17473;0,09146;0,11573;0,36500;0,40456;0,43163;0,47378;0,20110;0,16894;0,39684;0,39890;0,40861;0,43865;0;0
0,36413;0,16585;0,4327;0,26646;0,2616;0,30149;0,13027;0,31581;0,09146;0,37728;0,36500;0,43924;0,43163;0,35478;0,20110;0,39498;0,39684;0,37964;0,40861;0;0
0,39103;0,08169;0,1659;0,26639;0,2665;0,43191;0,30149;0,50257;0,31581;0,43525;0,37728;0,52306;0,43924;0,46036;0,35478;0,39453;0,39498;0,37372;0,37964;0;0
0,37937;0,08349;0,0817;0,26733;0,2664;0,40111;0,43191;0,63713;0,50257;0,41342;0,43525;0,49105;0,52306;0,47206;0,46036;0,39406;0,39453;0,37453;0,37372;0;0
0,38117;0,08388;0,0835;0,26808;0,2673;0,44652;0,40111;0,70343;0,63713;0,42093;0,41342;0,52662;0,49105;0,49513;0,47206;0,39354;0,39406;0,37462;0,37453;0;0
0,40448;0,09374;0,0839;0,26847;0,2681;0,47651;0,44652;0,59913;0,70343;0,48439;0,42093;0,58868;0,52662;0,50097;0,49513;0,39435;0,39354;0,38404;0,37462;0;0
0,40269;0,06969;0,0937;0,26564;0,2685;0,42461;0,47651;0,46505;0,59913;0,48029;0,48439;0,54238;0,58868;0,48473;0,50097;0,39599;0,39435;0,39175;0,38404;0;0
0,41121;0,09066;0,0697;0,26328;0,2656;0,46109;0,42461;0,51448;0,46505;0,48301;0,48029;0,56119;0,54238;0,51137;0,48473;0,39800;0,39599;0,39578;0,39175;0;0
0,40538;0,06843;0,0907;0,26129;0,2633;0,44731;0,46109;0,47099;0,51448;0,46118;0,48301;0,51950;0,56119;0,48960;0,51137;0,39939;0,39800;0,40099;0,39578;0;0
0,41570;0,02302;0,0684;0,26151;0,2613;0,42379;0,44731;0,43171;0,47099;0,41480;0,46118;0,42353;0,51950;0,46784;0,48960;0,40087;0,39939;0,40789;0,40099;0;0
0,40673;0,02104;0,0230;0,25821;0,2615;0,41083;0,42379;0,46029;0,43171;0,49326;0,41480;0,60293;0,42353;0,45874;0,46784;0,39987;0,40087;0,40834;0,40789;0;0
0,40673;0,01463;0,0210;0,25236;0,2582;0,39544;0,41083;0,42221;0,46029;0,48165;0,49326;0,59630;0,60293;0,44412;0,45874;0,40188;0,39987;0,40915;0,40834;0;0
0,39731;0,03132;0,0146;0,24833;0,2524;0,38896;0,39544;0,42757;0,42221;0,48781;0,48165;0,66452;0,59630;0,43145;0,44412;0,40305;0,40188;0,40637;0,40915;0;0
0,39283;0,04938;0,0313;0,23914;0,2483;0,36223;0,38896;0,42520;0,42757;0,44549;0,48781;0,58001;0,66452;0,40968;0,43145;0,40466;0,40305;0,40386;0,40637;0;0
0,43722;0,11143;0,0494;0,24171;0,2391;0,45863;0,36223;0,50552;0,42520;0,32500;0,44549;0,32091;0,58001;0,48376;0,40968;0,40733;0,40466;0,40816;0,40386;0;0
0,44081;0,15007;0,1114;0,18895;0,2417;0,46511;0,45863;0,52160;0,50552;0,32840;0,32500;0,32344;0,32091;0,52794;0,48376;0,40399;0,40733;0,41498;0,40816;0;0
0,43498;0,15700;0,1501;0,11209;0,1890;0,47160;0,46511;0,53113;0,52160;0,45366;0,32840;0,50731;0,32344;0,53899;0,52794;0,40029;0,40399;0,42063;0,41498;0;0
0,44888;0,14568;0,1570;0,12851;0,1121;0,50484;0,47160;0,57522;0,53113;0,54375;0,45366;0,62682;0,50731;0,52924;0,53899;0,40170;0,40029;0,43094;0,42063;0;0
0,46413;0,07060;0,1457;0,15048;0,1285;0,45212;0,50484;0,46563;0,57522;0,55874;0,54375;0,63646;0,62682;0,49448;0,52924;0,40614;0,40170;0,44520;0,43094;0;0
0,45516;0,06830;0,0706;0,16122;0,1505;0,42945;0,45212;0,44423;0,46563;0,58065;0,55874;0,68236;0,63646;0,49155;0,49448;0,40987;0,40614;0,44879;0,44520;0;0
0,48475;0,12033;0,0683;0,17530;0,1612;0,49341;0,42945;0,48642;0,44423;0,61543;0,58065;0,69912;0,68236;0,52632;0,49155;0,41623;0,40987;0,45758;0,44879;0;0
0,45695;0,08558;0,1203;0,16513;0,1753;0,41811;0,49341;0,40678;0,48642;0,53211;0,61543;0,59371;0,69912;0,47628;0,52632;0,42087;0,41623;0,46197;0,45758;0;0
0,49686;0,11924;0,0856;0,19360;0,1651;0,46261;0,41811;0,47812;0,40678;0,61060;0,53211;0,66849;0,59371;0,49838;0,47628;0,42617;0,42087;0,47157;0,46197;0;0
0,50135;0,14477;0,1192;0,21002;0,1936;0,48690;0,46261;0,51261;0,47812;0,61469;0,61060;0,66593;0,66849;0,52534;0,49838;0,43226;0,42617;0,47901;0,47157;0;0
0,48610;0,11112;0,1448;0,20847;0,2100;0,40597;0,48690;0,40624;0,51261;0,55596;0,61469;0,57483;0,66593;0,48376;0,52534;0,43751;0,43226;0,48520;0,47901;0;0
0,48341;0,11126;0,1111;0,21260;0,2085;0,45129;0,40597;0,49478;0,40624;0,55460;0,55596;0,57687;0,57483;0,48018;0,48376;0,44146;0,43751;0,48493;0,48520;0;0
0,49327;0,03806;0,1113;0,21705;0,2126;0,39707;0,45129;0,42230;0,49478;0,55662;0,55460;0,57635;0,57687;0,43145;0,48018;0,44599;0,44146;0,49220;0,48493;0;0
0,49955;0,04178;0,0381;0,22423;0,2171;0,40031;0,39707;0,40686;0,42230;0,57505;0,55662;0,60635;0,57635;0,45224;0,43145;0,45040;0,44599;0,49274;0,49220;0;0
0,50000;0,03919;0,0418;0,22415;0,2242;0,42861;0,40031;0,48705;0,40686;0,56002;0,57505;0,62977;0,60635;0,48148;0,45224;0,45513;0,45040;0,49247;0,49274;0;0
0,49955;0,03585;0,0392;0,22451;0,2241;0,43266;0,42861;0,45673;0,48705;0,57300;0,56002;0,58090;0,62977;0,47791;0,48148;0,45933;0,45513;0,49516;0,49247;0;0
0,49596;0,00480;0,0358;0,21416;0,2245;0,40839;0,43266;0,47873;0,45673;0,56754;0,57300;0,58549;0,58090;0,45354;0,47791;0,46379;0,45933;0,49767;0,49516;0;0
0,51166;0,02736;0,0048;0,20526;0,2142;0,42537;0,40839;0,48883;0,47873;0,60576;0,56754;0,60936;0,58549;0,46426;0,45354;0,46904;0,46379;0,50135;0,49767;0;0
0,51704;0,04983;0,0274;0,18315;0,2053;0,43427;0,42537;0,47456;0,48883;0,62079;0,60576;0,65213;0,60936;0,48311;0,46426;0,47502;0,46904;0,50484;0,50135;0;0
0,51614;0,05498;0,0498;0,14205;0,1832;0,43346;0,43427;0,47100;0,47456;0,55179;0,62079;0,69076;0,65213;0,48895;0,48311;0,48119;0,47502;0,50807;0,50484;0;0
0,51480;0,04756;0,0550;0,13334;0,1421;0,43750;0,43346;0,49180;0,47100;0,54428;0,55179;0,68261;0,69076;0,48018;0,48895;0,48507;0,48119;0,51112;0,50807;1;0
0,51076;0,00339;0,0476;0,12049;0,1333;0,40192;0,43750;0,45319;0,49180;0,54702;0,54428;0,59108;0,68261;0,44672;0,48018;0,48857;0,48507;0,51408;0,51112;1;0
0,49731;0,04325;0,0034;0,09279;0,1205;0,36797;0,40192;0,42173;0,45319;0,50543;0,54702;0,49303;0,59108;0,41715;0,44672;0,49168;0,48857;0,51121;0,51408;1;0
0,52287;0,05326;0,0432;0,08097;0,0928;0,41566;0,36797;0,45734;0,42173;0,52107;0,50543;0,49351;0,49303;0,44672;0,41715;0,49538;0,49168;0,51238;0,51121;1;0
0,51973;0,05681;0,0533;0,07503;0,0810;0,41243;0,41566;0,45200;0,45734;0,52994;0,52107;0,48383;0,49351;0,46556;0,44672;0,49816;0,49538;0,51309;0,51238;1;0
0,46726;0,15047;0,0568;0,06449;0,0750;0,32512;0,41243;0,41399;0,45200;0,40529;0,52994;0,36533;0,48383;0,40286;0,46556;0,49877;0,49816;0,50359;0,51309;1;0
0,45785;0,20296;0,1505;0,08099;0,0645;0,33238;0,32512;0,44425;0,41399;0,43320;0,40529;0,44794;0,36533;0,35218;0,40286;0,49742;0,49877;0,49300;0,50359;1;0
0,45022;0,24218;0,2030;0,08722;0,0810;0,27260;0,33238;0,36533;0,44425;0,36105;0,43320;0,33603;0,44794;0,29955;0,35218;0,49709;0,49742;0,48359;0,49300;1;0
0,44574;0,20506;0,2422;0,11143;0,0872;0,27017;0,27260;0,36592;0,36533;0,34744;0,36105;0,32289;0,33603;0,33008;0,29955;0,49453;0,49709;0,46816;0,48359;1;0
0,37354;0,26057;0,2051;0,20950;0,1114;0,23443;0,27017;0,40373;0,36592;0,26095;0,34744;0,30209;0,32289;0,30507;0,33008;0,48814;0,49453;0,43892;0,46816;1;0
0,28610;0,52767;0,2606;0,38370;0,2095;0,09357;0,23443;0,29485;0,40373;0,13226;0,26095;0,20736;0,30209;0,14522;0,30507;0,47814;0,48814;0,40269;0,43892;1;0
0,25471;0,64807;0,5277;0,53136;0,3837;0,05063;0,09357;0,30711;0,29485;0,06969;0,13226;0,15932;0,20736;0,05068;0,14522;0,46670;0,47814;0,36206;0,40269;1;0
0,26009;0,59869;0,6481;0,63078;0,5314;0,06840;0,05063;0,32198;0,30711;0,06837;0,06969;0,14472;0,15932;0,09454;0,05068;0,45504;0,46670;0,32404;0,36206;1;0
0,27578;0,34110;0,5987;0,69307;0,6308;0,22681;0,06840;0,46481;0,32198;0,09152;0,06837;0,17304;0,14472;0,28915;0,09454;0,44386;0,45504;0,29004;0,32404;1;1
0,26951;0,07539;0,3411;0,74449;0,6931;0,37349;0,22681;0,67675;0,46481;0,08267;0,09152;0,15687;0,17304;0,44087;0,28915;0,43233;0,44386;0,26924;0,29004;1;1
0,27982;0,06086;0,0754;0,77691;0,7445;0,44905;0,37349;0,76424;0,67675;0,10374;0,08267;0,17657;0,15687;0,49285;0,44087;0,42135;0,43233;0,26798;0,26924;1;1
0,29776;0,08657;0,0609;0,79185;0,7769;0,47179;0,44905;0,76784;0,76424;0,10725;0,10374;0,15094;0,17657;0,50715;0,49285;0,41143;0,42135;0,27659;0,26798;1;1
0,29686;0,07743;0,0866;0,79334;0,7919;0,44172;0,47179;0,62859;0,76784;0,09776;0,10725;0,13280;0,15094;0,50065;0,50715;0,40070;0,41143;0,28395;0,27659;1;1
0,28924;0,07182;0,0774;0,78622;0,7933;0,43928;0,44172;0,51876;0,62859;0,08755;0,09776;0,17618;0,13280;0,49058;0,50065;0,38930;0,40070;0,28664;0,28395;1;1
0,29507;0,03816;0,0718;0,76742;0,7862;0,43115;0,43928;0,45727;0,51876;0,09842;0,08755;0,18982;0,17618;0,46556;0,49058;0,37825;0,38930;0,29175;0,28664;1;1
0,28610;0,02068;0,0382;0,74188;0,7674;0,38243;0,43115;0,40482;0,45727;0,09091;0,09842;0,18220;0,18982;0,43145;0,46556;0,36682;0,37825;0,29300;0,29175;1;1
0,28969;0,01589;0,0207;0,70613;0,7419;0,39055;0,38243;0,43284;0,40482;0,11668;0,09091;0,23216;0,18220;0,43697;0,43145;0,35576;0,36682;0,29139;0,29300;1;1
0,27623;0,03454;0,0159;0,67100;0,7061;0,37999;0,39055;0,42687;0,43284;0,05766;0,11668;0,17665;0,23216;0,42690;0,43697;0,34471;0,35576;0,28726;0,29139;1;1
0,27803;0,04156;0,0345;0,60022;0,6710;0,37268;0,37999;0,42747;0,42687;0,06512;0,05766;0,17564;0,17665;0,41780;0,42690;0,33247;0,34471;0,28502;0,28726;1;1
0,28700;0,02680;0,0416;0,50573;0,6002;0,40516;0,37268;0,48712;0,42747;0,15804;0,06512;0,33725;0,17564;0,44250;0,41780;0,32083;0,33247;0,28341;0,28502;1;1
0,29776;0,04836;0,0268;0,43777;0,5057;0,41816;0,40516;0,49069;0,48712;0,18864;0,15804;0,33932;0,33725;0,46914;0,44250;0,31235;0,32083;0,28574;0,28341;1;1
0,31435;0,09974;0,0484;0,35980;0,4378;0,47258;0,41816;0,53845;0,49069;0,22540;0,18864;0,42037;0,33932;0,51917;0,46914;0,30518;0,31235;0,29067;0,28574;1;1
0,32780;0,13264;0,0997;0,26868;0,3598;0,49370;0,47258;0,55934;0,53845;0,25264;0,22540;0,45082;0,42037;0,54159;0,51917;0,29906;0,30518;0,30099;0,29067;1;1
0,31928;0,10578;0,1326;0,13673;0,2687;0,46201;0,49370;0,51217;0,55934;0,34927;0,25264;0,58750;0,45082;0,51819;0,54159;0,29274;0,29906;0,30924;0,30099;1;1
0,32735;0,07419;0,1058;0,08788;0,1367;0,45713;0,46201;0,49903;0,51217;0,49473;0,34927;0,79270;0,58750;0,49610;0,51819;0,29043;0,29274;0,31731;0,30924;1;1
0,34933;0,08219;0,0742;0,11859;0,0879;0,46685;0,45713;0,46620;0,49903;0,57617;0,49473;0,90074;0,79270;0,50000;0,49610;0,29359;0,29043;0,32762;0,31731;1;1
0,36143;0,11350;0,0822;0,13937;0,1186;0,46440;0,46685;0,44891;0,46620;0,58641;0,57617;0,90940;0,90074;0,52014;0,50000;0,29892;0,29359;0,33704;0,32762;1;1
0,38251;0,17282;0,1135;0,17362;0,1394;0,51797;0,46440;0,51149;0,44891;0,59457;0,58641;0,89806;0,90940;0,56595;0,52014;0,30504;0,29892;0,34798;0,33704;1;1
0,37085;0,13984;0,1728;0,19321;0,1736;0,48225;0,51797;0,48885;0,51149;0,58638;0,59457;0,89860;0,89806;0,53671;0,56595;0,30980;0,30504;0,35830;0,34798;1;1
0,35830;0,07693;0,1398;0,19528;0,1932;0,41976;0,48225;0,43585;0,48885;0,55148;0,58638;0,85661;0,89860;0,46946;0,53671;0,31424;0,30980;0,36448;0,35830;1;1
0,34350;0,09081;0,0769;0,19198;0,1953;0,37110;0,41976;0,40193;0,43585;0,50155;0,55148;0,81660;0,85661;0,40611;0,46946;0,31742;0,31424;0,36332;0,36448;1;1
0,33318;0,13082;0,0908;0,19071;0,1920;0,31438;0,37110;0,32105;0,40193;0,48720;0,50155;0,81300;0,81660;0,35835;0,40611;0,31919;0,31742;0,35767;0,36332;1;1
0,28834;0,21758;0,1308;0,19353;0,1907;0,25437;0,31438;0,30316;0,32105;0,43047;0,48720;0,77823;0,81300;0,31189;0,35835;0,31877;0,31919;0,33883;0,35767;1;1
0,30852;0,19011;0,2176;0,18859;0,1935;0,31353;0,25437;0,39239;0,30316;0,45234;0,43047;0,78642;0,77823;0,33756;0,31189;0,31973;0,31877;0,32637;0,33883;1;1
0,32063;0,14253;0,1901;0,18449;0,1886;0,36217;0,31353;0,46385;0,39239;0,48448;0,45234;0,81612;0,78642;0,39864;0,33756;0,32101;0,31973;0,31883;0,32637;1;1
0,32287;0,11009;0,1425;0,17608;0,1845;0,38488;0,36217;0,52225;0,46385;0,48242;0,48448;0,79519;0,81612;0,45809;0,39864;0,32285;0,32101;0,31471;0,31883;1;1
0,31794;0,08773;0,1101;0,16852;0,1761;0,45714;0,38488;0,61961;0,52225;0,49543;0,48242;0,84935;0,79519;0,50292;0,45809;0,32426;0,32285;0,31166;0,31471;1;1
0,32422;0,02919;0,0877;0,15123;0,1685;0,43195;0,45714;0,55749;0,61961;0,50226;0,49543;0,84885;0,84935;0,47044;0,50292;0,32666;0,32426;0,31883;0,31166;1;1
0,32287;0,00125;0,0292;0,13225;0,1512;0,40760;0,43195;0,50380;0,55749;0,48653;0,50226;0,76719;0,84885;0,45387;0,47044;0,32890;0,32666;0,32170;0,31883;1;1
0,32197;0,00070;0,0013;0,11737;0,1323;0,40192;0,40760;0,48293;0,50380;0,46875;0,48653;0,73092;0,76719;0,45192;0,45387;0,33065;0,32890;0,32197;0,32170;1;1
0,33767;0,03851;0,0007;0,10738;0,1174;0,43925;0,40192;0,45728;0,48293;0,46737;0,46875;0,70232;0,73092;0,47661;0,45192;0,33265;0,33065;0,32493;0,32197;1;1
0,34664;0,06433;0,0385;0,10561;0,1074;0,44411;0,43925;0,47934;0,45728;0,46053;0,46737;0,67681;0,70232;0,49285;0,47661;0,33426;0,33265;0,33067;0,32493;1;1
0,33632;0,06096;0,0643;0,10523;0,1056;0,42788;0,44411;0,48531;0,47934;0,45780;0,46053;0,60249;0,67681;0,48700;0,49285;0,33469;0,33426;0,33309;0,33067;1;1
0,33274;0,04916;0,0610;0,10295;0,1052;0,42302;0,42788;0,48591;0,48531;0,44004;0,45780;0,48082;0,60249;0,46426;0,48700;0,33536;0,33469;0,33507;0,33309;1;1
0,33453;0,02294;0,0492;0,10232;0,1029;0,39786;0,42302;0,44002;0,48591;0,40931;0,44004;0,39745;0,48082;0,43502;0,46426;0,33572;0,33536;0,33758;0,33507;1;1
0,33453;0,02418;0,0229;0,10046;0,1023;0,38164;0,39786;0,42454;0,44002;0,39089;0,40931;0,37615;0,39745;0,43080;0,43502;0,33498;0,33572;0,33695;0,33758;1;1
0,34395;0,01556;0,0242;0,09425;0,1005;0,41733;0,38164;0,46266;0,42454;0,37317;0,39089;0,35692;0,37615;0,46199;0,43080;0,33410;0,33498;0,33641;0,33695;1;1
0,36771;0,09165;0,0156;0,08157;0,0943;0,46682;0,41733;0,50259;0,46266;0,42706;0,37317;0,40307;0,35692;0,50715;0,46199;0,33336;0,33410;0,34269;0,33641;1;1
0,38296;0,14358;0,0916;0,09248;0,0816;0,49116;0,46682;0,53895;0,50259;0,46938;0,42706;0,46046;0,40307;0,54386;0,50715;0,33397;0,33336;0,35274;0,34269;1;1
0,37848;0,14120;0,1436;0,10572;0,0925;0,48305;0,49116;0,54492;0,53895;0,48510;0,46938;0,50929;0,46046;0,54159;0,54386;0,33498;0,33397;0,36152;0,35274;1;1
0,41300;0,16874;0,1412;0,15317;0,1057;0,52846;0,48305;0,55203;0,54492;0,55340;0,48510;0,57083;0,50929;0,55750;0,54159;0,33845;0,33498;0,37722;0,36152;1;1
0,38117;0,10831;0,1687;0,16521;0,1532;0,42786;0,52846;0,44181;0,55203;0,57334;0,55340;0,62799;0,57083;0,49090;0,55750;0,34085;0,33845;0,38466;0,37722;1;1
0,38834;0,08680;0,1083;0,15811;0,1652;0,41327;0,42786;0,41325;0,44181;0,55346;0,57334;0,59686;0,62799;0,45939;0,49090;0,34585;0,34085;0,38879;0,38466;1;1
0,38296;0,08680;0,0868;0,15598;0,1581;0,41165;0,41327;0,41801;0,41325;0,52679;0,55346;0,55305;0,59686;0,43827;0,45939;0,34957;0,34585;0,38879;0,38879;1;1
0,43677;0,16076;0,0868;0,19658;0,1560;0,44647;0,41165;0,41027;0,41801;0,60534;0,52679;0,61307;0,55305;0,48538;0,43827;0,35538;0,34957;0,40045;0,38879;1;1
0,43318;0,19044;0,1608;0,22238;0,1966;0,49756;0,44647;0,52160;0,41027;0,60741;0,60534;0,60491;0,61307;0,56010;0,48538;0,36090;0,35538;0,40448;0,40045;1;1
0,41390;0,16695;0,1904;0,22519;0,2224;0,44973;0,49756;0,49720;0,52160;0,56845;0,60741;0,57081;0,60491;0,52307;0,56010;0,36570;0,36090;0,41103;0,40448;1;1
0,44036;0,15949;0,1670;0,24240;0,2252;0,50729;0,44973;0,54066;0,49720;0,61081;0,56845;0,61407;0,57081;0,51624;0,52307;0,37150;0,36570;0,42143;0,41103;1;1
0,46054;0,10663;0,1595;0,26581;0,2424;0,44645;0,50729;0,47040;0,54066;0,64291;0,61081;0,65125;0,61407;0,48928;0,51624;0,37839;0,37150;0,43695;0,42143;1;1
0,45650;0,12252;0,1066;0,27553;0,2658;0,44564;0,44645;0,43231;0,47040;0,61280;0,64291;0,62985;0,65125;0,51722;0,48928;0,38511;0,37839;0,44090;0,43695;1;1
0,46323;0,13472;0,1225;0,28982;0,2755;0,49264;0,44564;0,50191;0,43231;0,60935;0,61280;0,63239;0,62985;0,53281;0,51722;0,39139;0,38511;0,44691;0,44090;1;1
0,44843;0,05240;0,1347;0,29315;0,2898;0,41811;0,49264;0,40498;0,50191;0,60256;0,60935;0,62937;0,63239;0,46329;0,53281;0,39648;0,39139;0,45381;0,44691;1;1
0,44529;0,04011;0,0524;0,28477;0,2932;0,37602;0,41811;0,41870;0,40498;0,60326;0,60256;0,64314;0,62937;0,42170;0,46329;0,40193;0,39648;0,45480;0,45381;1;1
0,46099;0,04075;0,0401;0,27479;0,2848;0,41163;0,37602;0,44544;0,41870;0,62442;0,60326;0,68187;0,64314;0,44314;0,42170;0,40834;0,40193;0,45489;0,45480;1;1
0,44978;0,04245;0,0407;0,25314;0,2748;0,37926;0,41163;0,38721;0,44544;0,60735;0,62442;0,68291;0,68187;0,43925;0,44314;0,41410;0,40834;0,45354;0,45489;1;1
0,44843;0,02776;0,0424;0,22214;0,2531;0,40354;0,37926;0,45971;0,38721;0,59093;0,60735;0,68392;0,68291;0,45289;0,43925;0,41980;0,41410;0,45058;0,45354;1;1
0,43543;0,05104;0,0278;0,18666;0,2221;0,38573;0,40354;0,47754;0,45971;0,53489;0,59093;0,60189;0,68392;0,42625;0,45289;0,42437;0,41980;0,44798;0,45058;1;1
0,43498;0,06399;0,0510;0,16443;0,1867;0,35660;0,38573;0,42999;0,47754;0,51098;0,53489;0,55252;0,60189;0,40156;0,42625;0,42774;0,42437;0,44592;0,44798;1;1
0,42018;0,07225;0,0640;0,14987;0,1644;0,35012;0,35660;0,44899;0,42999;0,49530;0,51098;0,52913;0,55252;0,39701;0,40156;0,42960;0,42774;0,43776;0,44592;1;1
0,40404;0,10891;0,0723;0,13446;0,1499;0,32340;0,35012;0,41154;0,44899;0,41820;0,49530;0,42096;0,52913;0,37427;0,39701;0,43087;0,42960;0,42861;0,43776;1;1
0,40807;0,09152;0,1089;0,13606;0,1345;0,35415;0,32340;0,44721;0,41154;0,47278;0,41820;0,44675;0,42096;0,38759;0,37427;0,43063;0,43087;0,42054;0,42861;1;1
0,41211;0,07364;0,0915;0,11817;0,1361;0,36225;0,35415;0,47456;0,44721;0,46800;0,47278;0,45796;0,44675;0,40773;0,38759;0,43217;0,43063;0,41587;0,42054;1;1
0,41166;0,02724;0,0736;0,10437;0,1182;0,38815;0,36225;0,49837;0,47456;0,47550;0,46800;0,48337;0,45796;0,44314;0,40773;0,43334;0,43217;0,41121;0,41587;1;1
0,39283;0,04164;0,0272;0,09569;0,1044;0,38328;0,38815;0,51444;0,49837;0,36505;0,47550;0,34291;0,48337;0,43600;0,44314;0,43383;0,43334;0,40574;0,41121;1;1
0,36951;0,11773;0,0416;0,13060;0,0957;0,33387;0,38328;0,45551;0,51444;0,33506;0,36505;0,31908;0,34291;0,37979;0,43600;0,43047;0,43383;0,39883;0,40574;1;1
0,42018;0,13411;0,1177;0,13133;0,1306;0,41812;0,33387;0,51147;0,45551;0,44139;0,33506;0,42703;0,31908;0,43080;0,37979;0,42982;0,43047;0,40126;0,39883;1;1
0,42870;0,15851;0,1341;0,12918;0,1313;0,43432;0,41812;0,50433;0,51147;0,41412;0,44139;0,37533;0,42703;0,49415;0,43080;0,43056;0,42982;0,40457;0,40126;1;1
0,43094;0,17958;0,1585;0,12835;0,1292;0,47242;0,43432;0,53590;0,50433;0,38688;0,41412;0,33130;0,37533;0,54776;0,49415;0,43009;0,43056;0,40843;0,40457;1;1
0,44395;0,19618;0,1796;0,12206;0,1283;0,53812;0,47242;0,62057;0,53590;0,41277;0,38688;0,37285;0,33130;0,56530;0,54776;0,42926;0,43009;0,41865;0,40843;1;1
0,44439;0,06024;0,1962;0,11757;0,1221;0,44728;0,53812;0,49182;0,62057;0,40323;0,41277;0,36831;0,37285;0,49578;0,56530;0,42865;0,42926;0,43363;0,41865;1;1
0,46368;0,08634;0,0602;0,11784;0,1176;0,46670;0,44728;0,49419;0,49182;0,45501;0,40323;0,41184;0,36831;0,51007;0,49578;0,42868;0,42865;0,44233;0,43363;1;1
0,64888;0,66194;0,0863;0,36222;0,1178;0,79708;0,46670;0,70872;0,49419;0,74119;0,45501;0,62408;0,41184;0,77973;0,51007;0,43870;0,42868;0,48637;0,44233;1;1
0,64395;0,78000;0,6619;0,49476;0,3622;0,76459;0,79708;0,63652;0,70872;0,70976;0,74119;0,58496;0,62408;0,88759;0,77973;0,44863;0,43870;0,52897;0,48637;1;1
0,61794;0,73231;0,7800;0,56944;0,4948;0,71683;0,76459;0,66832;0,63652;0,68734;0,70976;0,58100;0,58496;0,83171;0,88759;0,45648;0,44863;0,56377;0,52897;1;1
0,62825;0,55743;0,7323;0,63765;0,5694;0,70052;0,71683;0,64205;0,66832;0,70506;0,68734;0,60640;0,58100;0,66569;0,83171;0,46540;0,45648;0,60054;0,56377;1;1
0,65202;0,09086;0,5574;0,70964;0,6377;0,40918;0,70052;0,18671;0,64205;0,76102;0,70506;0,68980;0,60640;0,44282;0,66569;0,47558;0,46540;0,63821;0,60054;1;1
0,66054;0,11162;0,0909;0,77084;0,7096;0,43337;0,40918;0,22808;0,18671;0,77465;0,76102;0,71780;0,68980;0,49838;0,44282;0,48684;0,47558;0,64054;0,63821;1;1
0,67982;0,16751;0,1116;0,83062;0,7708;0,51487;0,43337;0,32257;0,22808;0,82657;0,77465;0,76816;0,71780;0,56270;0,49838;0,49908;0,48684;0,64771;0,64054;1;1
0,67758;0,13903;0,1675;0,87063;0,8306;0,49226;0,51487;0,31793;0,32257;0,84784;0,82657;0,84172;0,76816;0,54126;0,56270;0,51195;0,49908;0,65964;0,64771;1;1
0,66996;0,06959;0,1390;0,88764;0,8706;0,43579;0,49226;0,48995;0,31793;0,83007;0,84784;0,78762;0,84172;0,48798;0,54126;0,52525;0,51195;0,66798;0,65964;1;1
0,66099;0,04971;0,0696;0,89021;0,8876;0,40435;0,43579;0,44910;0,48995;0,81027;0,83007;0,77645;0,78762;0,44314;0,48798;0,53789;0,52525;0,66978;0,66798;1;1
0,65381;0,06457;0,0497;0,88105;0,8902;0,35681;0,40435;0,35445;0,44910;0,80004;0,81027;0,76321;0,77645;0,39994;0,44314;0,54998;0,53789;0,66843;0,66978;1;1
0,64798;0,07148;0,0646;0,85943;0,8811;0,35036;0,35681;0,36628;0,35445;0,81996;0,80004;0,86080;0,76321;0,39506;0,39994;0,56179;0,54998;0,66206;0,66843;1;1
0,63363;0,08458;0,0715;0,81154;0,8594;0,33826;0,35036;0,39880;0,36628;0,83379;0,81996;0,89363;0,86080;0,38759;0,39506;0,57383;0,56179;0,65327;0,66206;1;1
0,60987;0,13285;0,0846;0,72632;0,8115;0,31165;0,33826;0,40232;0,39880;0,72022;0,83379;0,72927;0,89363;0,36095;0,38759;0,58585;0,57383;0,64126;0,65327;1;1
0,61794;0,12260;0,1329;0,66521;0,7263;0,33905;0,31165;0,45736;0,40232;0,71948;0,72022;0,74912;0,72927;0,37005;0,36095;0,59574;0,58585;0,63265;0,64126;1;1
0,62646;0,09165;0,1226;0,59722;0,6652;0,36484;0,33905;0,48105;0,45736;0,72901;0,71948;0,77662;0,74912;0,40708;0,37005;0,60563;0,59574;0,62717;0,63265;1;1
0,62601;0,05048;0,0917;0,51282;0,5972;0,38983;0,36484;0,50832;0,48105;0,70849;0,72901;0,74194;0,77662;0,45062;0,40708;0,61538;0,60563;0,62278;0,62717;1;1
0,63946;0,06464;0,0505;0,41831;0,5128;0,45679;0,38983;0,57714;0,50832;0,72825;0,70849;0,76381;0,74194;0,49838;0,45062;0,62516;0,61538;0,62395;0,62278;1;1
0,59417;0,10726;0,0646;0,29102;0,4183;0,36078;0,45679;0,48639;0,57714;0,63005;0,72825;0,65193;0,76381;0,42463;0,49838;0,63265;0,62516;0,62081;0,62395;1;1
0,56502;0,20744;0,1073;0,15325;0,2910;0,29304;0,36078;0,41764;0,48639;0,30494;0,63005;0,19781;0,65193;0,33756;0,42463;0,63771;0,63265;0,61022;0,62081;1;1
0,54305;0,28237;0,2074;0,20752;0,1533;0,25432;0,29304;0,37085;0,41764;0,27914;0,30494;0,20185;0,19781;0,27550;0,33756;0,63242;0,63771;0,59354;0,61022;1;1
0,53229;0,30324;0,2824;0,25786;0,2075;0,21082;0,25432;0,28983;0,37085;0,30214;0,27914;0,23549;0,20185;0,25731;0,27550;0,62684;0,63242;0,57480;0,59354;1;1
0,52556;0,18984;0,3032;0,30359;0,2579;0,28005;0,21082;0,41108;0,28983;0,27637;0,30214;0,20327;0,23549;0,32651;0,25731;0,62222;0,62684;0,55202;0,57480;1;1
0,53946;0,09402;0,1898;0,33087;0,3036;0,35751;0,28005;0,51783;0,41108;0,26152;0,27637;0,15097;0,20327;0,39994;0,32651;0,61778;0,62222;0,54108;0,55202;1;1
0,60807;0,22999;0,0940;0,32602;0,3309;0,52069;0,35751;0,66641;0,51783;0,35246;0,26152;0,20838;0,15097;0,54906;0,39994;0,61558;0,61778;0,54969;0,54108;1;1
0,60269;0,28169;0,2300;0,31752;0,3260;0,53041;0,52069;0,70568;0,66641;0,31519;0,35246;0,14249;0,20838;0,61144;0,54906;0,61269;0,61558;0,56161;0,54969;1;1
0,85650;0,97454;0,2817;0,50096;0,3175;1,00000;0,53041;1,00000;0,70568;0,70245;0,31519;0,41380;0,14249;0,97498;0,61144;0,62152;0,61269;0,62646;0,56161;1;1
0,79507;1,00000;0,9745;0,57238;0,5010;0,86409;1,00000;0,84273;1,00000;0,62109;0,70245;0,36664;0,41380;1,00000;0,97498;0,62740;0,62152;0,68036;0,62646;1;1
0,82691;0,89382;1,0000;0,66066;0,5724;0,79729;0,86409;0,67334;0,84273;0,68287;0,62109;0,42708;0,36664;0,90611;1,00000;0,63525;0,62740;0,73785;0,68036;1;1
0,81300;0,73163;0,8938;0,72504;0,6607;0,78200;0,79729;0,65497;0,67334;0,67273;0,68287;0,42713;0,42708;0,73294;0,90611;0,64285;0,63525;0,77883;0,73785;1;0
0,82960;0,15093;0,7316;0,79119;0,7250;0,35537;0,78200;0,00000;0,65497;0,70668;0,67273;0,43756;0,42713;0,42365;0,73294;0,65164;0,64285;0,82422;0,77883;1;0
0,80045;0,09707;0,1509;0,83046;0,7912;0,41319;0,35537;0,14087;0,00000;0,68436;0,70668;0,41078;0,43756;0,45939;0,42365;0,65926;0,65164;0,81300;0,82422;1;0
0,81659;0,06959;0,0971;0,87065;0,8305;0,38506;0,41319;0,16891;0,14087;0,74493;0,68436;0,53988;0,41078;0,42560;0,45939;0,66841;0,65926;0,81731;0,81300;1;0
0,77489;0,13634;0,0696;0,88207;0,8706;0,33524;0,38506;0,14360;0,16891;0,66950;0,74493;0,48444;0,53988;0,38499;0,42560;0,67666;0,66841;0,80691;0,81731;1;0
0,77623;0,16247;0,1363;0,89106;0,8821;0,30795;0,33524;0,43556;0,14360;0,65860;0,66950;0,46928;0,48444;0,35380;0,38499;0,68457;0,67666;0,79955;0,80691;1;0
0,81031;0,12577;0,1625;0,90933;0,8911;0,42122;0,30795;0,47631;0,43556;0,71088;0,65860;0,52331;0,46928;0,43470;0,35380;0,69377;0,68457;0,79570;0,79955;1;0
0,84395;0,19945;0,1258;0,93525;0,9093;0,45255;0,42122;0,52000;0,47631;0,74135;0,71088;0,53126;0,52331;0,51494;0,43470;0,70466;0,69377;0,80439;0,79570;1;0
0,84619;0,24067;0,1995;0,95740;0,9352;0,53141;0,45255;0,61462;0,52000;0,81364;0,74135;0,65797;0,53126;0,60201;0,51494;0,71500;0,70466;0,81031;0,80439;1;0
0,82511;0,19568;0,2407;0,94911;0,9574;0,49119;0,53141;0,60517;0,61462;0,82610;0,81364;0,91051;0,65797;0,54646;0,60201;0,72655;0,71500;0,82036;0,81031;1;0
0,79955;0,13447;0,1957;0,91030;0,9491;0,38425;0,49119;0,44326;0,60517;0,82083;0,82610;0,92598;0,91051;0,42040;0,54646;0,73827;0,72655;0,82502;0,82036;1;0
0,79507;0,16093;0,1345;0,84400;0,9103;0,31600;0,38425;0,37016;0,44326;0,83044;0,82083;0,91585;0,92598;0,34503;0,42040;0,75087;0,73827;0,82197;0,82502;1;0
0,75830;0,22910;0,1609;0,74823;0,8440;0,24614;0,31600;0,26116;0,37016;0,78491;0,83044;0,90124;0,91585;0,30052;0,34503;0,76217;0,75087;0,80484;0,82197;1;0
0,64888;0,49707;0,2291;0,65434;0,7482;0,08781;0,24614;0,17438;0,26116;0,59779;0,78491;0,77266;0,90124;0,16439;0,30052;0,76834;0,76217;0,76538;0,80484;1;0
0,58789;0,68542;0,4971;0,60743;0,6543;0,02415;0,08781;0,20583;0,17438;0,40128;0,59779;0,55795;0,77266;0,03704;0,16439;0,77076;0,76834;0,71794;0,76538;1;0
0,56996;0,72992;0,6854;0,64018;0,6074;0,00000;0,02415;0,23805;0,20583;0,38226;0,40128;0,57159;0,55795;0,00000;0,03704;0,76886;0,77076;0,67202;0,71794;1;1
0,56996;0,57778;0,7299;0,66729;0,6402;0,06567;0,00000;0,33761;0,23805;0,00000;0,38226;0,00000;0,57159;0,11956;0,00000;0,76722;0,76886;0,62700;0,67202;1;1
0,57220;0,23410;0,5778;0,72336;0,6673;0,26568;0,06567;0,60153;0,33761;0,09555;0,00000;0,13093;0,00000;0,32554;0,11956;0,75300;0,76722;0,58978;0,62700;1;1
0,55291;0,07488;0,2341;0,79371;0,7234;0,34058;0,26568;0,70384;0,60153;0,01868;0,09555;0,02828;0,13093;0,40058;0,32554;0,74090;0,75300;0,57058;0,58978;1;1
0,56502;0,04060;0,0749;0,83129;0,7937;0,39466;0,34058;0,76163;0,70384;0,05779;0,01868;0,06480;0,02828;0,43015;0,40058;0,72780;0,74090;0,56601;0,57058;1;1
0,60987;0,14156;0,0406;0,83965;0,8313;0,47541;0,39466;0,77253;0,76163;0,10052;0,05779;0,07151;0,06480;0,50227;0,43015;0,71765;0,72780;0,57399;0,56601;1;1
0,59103;0,14939;0,1416;0,84083;0,8396;0,43745;0,47541;0,59679;0,77253;0,11589;0,10052;0,09937;0,07151;0,51819;0,50227;0,70572;0,71765;0,57821;0,57399;1;1
0,59686;0,15706;0,1494;0,84228;0,8408;0,48270;0,43745;0,57489;0,59679;0,10043;0,11589;0,04330;0,09937;0,53216;0,51819;0,69554;0,70572;0,58314;0,57821;1;1
0,60807;0,11691;0,1571;0,82553;0,8423;0,48107;0,48270;0,53389;0,57489;0,18003;0,10043;0,15797;0,04330;0,50260;0,53216;0,68511;0,69554;0,59417;0,58314;1;1
0,61390;0,05407;0,1169;0,81760;0,8255;0,41080;0,48107;0,42299;0,53389;0,18681;0,18003;0,17105;0,15797;0,46784;0,50260;0,67706;0,68511;0,60395;0,59417;1;1
0,62780;0,09024;0,0541;0,80165;0,8176;0,46973;0,41080;0,49411;0,42299;0,15653;0,18681;0,11001;0,17105;0,51527;0,46784;0,66964;0,67706;0,60753;0,60395;1;1
0,62915;0,08393;0,0902;0,76335;0,8016;0,46165;0,46973;0,45496;0,49411;0,10805;0,15653;0,05158;0,11001;0,51072;0,51527;0,66058;0,66964;0,61516;0,60753;1;1
0,63857;0,07431;0,0839;0,69040;0,7634;0,45841;0,46165;0,45378;0,45496;0,11888;0,10805;0,00646;0,05158;0,50487;0,51072;0,65031;0,66058;0,62350;0,61516;1;1
0,66592;0,12650;0,0743;0,59867;0,6904;0,49713;0,45841;0,53382;0,45378;0,19178;0,11888;0,05135;0,00646;0,53281;0,50487;0,64130;0,65031;0,63507;0,62350;1;1
0,66592;0,12470;0,1265;0,50755;0,5987;0,47210;0,49713;0,47215;0,53382;0,23022;0,19178;0,08372;0,05135;0,53151;0,53281;0,63334;0,64130;0,64547;0,63507;1;1
0,61390;0,15314;0,1247;0,41795;0,5075;0,37612;0,47210;0,40762;0,47215;0,15848;0,23022;0,02348;0,08372;0,44737;0,53151;0,62406;0,63334;0,64269;0,64547;1;1
0,64305;0,14394;0,1531;0,30307;0,4179;0,41160;0,37612;0,43605;0,40762;0,25782;0,15848;0,13062;0,02348;0,41845;0,44737;0,61646;0,62406;0,64547;0,64269;1;1
0,66188;0,14869;0,1439;0,20979;0,3031;0,39629;0,41160;0,39641;0,43605;0,45152;0,25782;0,41279;0,13062;0,42723;0,41845;0,61164;0,61646;0,65013;0,64547;1;1
0,68296;0,17801;0,1487;0,23042;0,2098;0,43417;0,39629;0,44257;0,39641;0,57588;0,45152;0,65169;0,41279;0,50910;0,42723;0,61334;0,61164;0,65354;0,65013;1;1
0,68386;0,20132;0,1780;0,25087;0,2304;0,52940;0,43417;0,58304;0,44257;0,60448;0,57588;0,68723;0,65169;0,57992;0,50910;0,61814;0,61334;0,65713;0,65354;1;1
0,70628;0,16114;0,2013;0,27324;0,2509;0,51723;0,52940;0,54800;0,58304;0,63847;0,60448;1,00000;0,68723;0,55718;0,57992;0,62496;0,61814;0,67561;0,65713;1;1
0,72152;0,15394;0,1611;0,29710;0,2732;0,51074;0,51723;0,55449;0,54800;0,65817;0,63847;0,94262;1,00000;0,55296;0,55718;0,63253;0,62496;0,69130;0,67561;1;1
0,65605;0,16821;0,1539;0,28135;0,2971;0,35520;0,51074;0,41242;0,55449;0,58822;0,65817;0,94824;0,94262;0,43795;0,55296;0,63673;0,63253;0,69013;0,69130;1;1
0,65785;0,19790;0,1682;0,24623;0,2814;0,35681;0,35520;0,34381;0,41242;0,57255;0,58822;0,90700;0,94824;0,37557;0,43795;0,64197;0,63673;0,68511;0,69013;1;1
0,67713;0,19959;0,1979;0,21729;0,2462;0,35120;0,35681;0,34860;0,34381;0,53371;0,57255;0,84574;0,90700;0,36127;0,37557;0,64758;0,64197;0,68377;0,68511;0;0
0,68744;0,18090;0,1996;0,21652;0,2173;0,34236;0,35120;0,34687;0,34860;0,57791;0,53371;0,86724;0,84574;0,41553;0,36127;0,65146;0,64758;0,68000;0,68377;0;0
0,69417;0,11022;0,1809;0,20266;0,2165;0,47206;0,34236;0,55630;0,34687;0,57925;0,57791;0,87988;0,86724;0,52632;0,41553;0,65661;0,65146;0,67453;0,68000;0;0
0,68072;0,08475;0,1102;0,18174;0,2027;0,44465;0,47206;0,53497;0,55630;0,54187;0,57925;0,79205;0,87988;0,49513;0,52632;0,66081;0,65661;0,67946;0,67453;0;0
0,67489;0,04155;0,0847;0,16272;0,1817;0,39951;0,44465;0,50592;0,53497;0,52420;0,54187;0,77375;0,79205;0,44152;0,49513;0,66415;0,66081;0,68287;0,67946;0;0
0,64709;0,11746;0,0415;0,14599;0,1627;0,33104;0,39951;0,46209;0,50592;0,46103;0,52420;0,74925;0,77375;0,37719;0,44152;0,66581;0,66415;0,67686;0,68287;0;0
0,64260;0,14774;0,1175;0,13891;0,1460;0,31091;0,33104;0,35212;0,46209;0,45221;0,46103;0,77908;0,74925;0,35055;0,37719;0,66655;0,66581;0,66789;0,67686;0;0
0,64888;0,11333;0,1477;0,13005;0,1389;0,34633;0,31091;0,39822;0,35212;0,44745;0,45221;0,76738;0,77908;0,38012;0,35055;0,66753;0,66655;0,65883;0,66789;0;0
0,65740;0,07757;0,1133;0,12377;0,1300;0,37211;0,34633;0,45028;0,39822;0,41895;0,44745;0,69135;0,76738;0,42560;0,38012;0,66848;0,66753;0,65417;0,65883;0;0
0,68072;0,09540;0,0776;0,12489;0,1238;0,46401;0,37211;0,56817;0,45028;0,45423;0,41895;0,68889;0,69135;0,50910;0,42560;0,66922;0,66848;0,65534;0,65417;0;0
0,69238;0,14082;0,0954;0,12897;0,1249;0,49304;0,46401;0,60434;0,56817;0,55068;0,45423;0,81483;0,68889;0,54483;0,50910;0,67054;0,66922;0,66439;0,65534;0;0
0,69462;0,13629;0,1408;0,10295;0,1290;0,48577;0,49304;0,57291;0,60434;0,50989;0,55068;0,70979;0,81483;0,54126;0,54483;0,67457;0,67054;0,67480;0,66439;0;0
0,69462;0,10098;0,1363;0,09595;0,1030;0,47044;0,48577;0,54267;0,57291;0,48137;0,50989;0,54377;0,70979;0,51365;0,54126;0,67715;0,67457;0,68395;0,67480;0;0
0,68700;0,02734;0,1010;0,09429;0,0960;0,41482;0,47044;0,43430;0,54267;0,43794;0,48137;0,41895;0,54377;0,46036;0,51365;0,67841;0,67715;0,68987;0,68395;0;0
0,67489;0,04467;0,0273;0,09417;0,0943;0,37212;0,41482;0,38168;0,43430;0,41828;0,43794;0,38311;0,41895;0,41878;0,46036;0,67800;0,67841;0,68870;0,68987;0;0
0,64978;0,12242;0,0447;0,10105;0,0942;0,32299;0,37212;0,35094;0,38168;0,34643;0,41828;0,30453;0,38311;0,37037;0,41878;0,67630;0,67800;0,68018;0,68870;0;0
0,69283;0,11997;0,1224;0,09487;0,1011;0,40032;0,32299;0,41894;0,35094;0,38847;0,34643;0,32119;0,30453;0,42008;0,37037;0,67563;0,67630;0,67982;0,68018;0;0
0,74439;0,24033;0,1200;0,11890;0,0949;0,50666;0,40032;0,53786;0,41894;0,56551;0,38847;0,50465;0,32119;0,54581;0,42008;0,67677;0,67563;0,68978;0,67982;0;0
0,75381;0,31492;0,2403;0,15841;0,1189;0,54536;0,50666;0,59771;0,53786;0,57704;0,56551;0,52488;0,50465;0,63255;0,54581;0,68166;0,67677;0,70314;0,68978;0;0
0,78969;0,39030;0,3149;0,22288;0,1584;0,65507;0,54536;0,71457;0,59771;0,60208;0,57704;0,57241;0,52488;0,69656;0,63255;0,68825;0,68166;0,72610;0,70314;0;0
0,70583;0,27091;0,3903;0,22369;0,2229;0,42690;0,65507;0,48994;0,71457;0,45964;0,60208;0,43358;0,57241;0,50130;0,69656;0,68969;0,68825;0,73731;0,72610;0;0
0,71794;0,22617;0,2709;0,22784;0,2237;0,35606;0,42690;0,35992;0,48994;0,46777;0,45964;0,43864;0,43358;0,37654;0,50130;0,69121;0,68969;0,74233;0,73731;1;0
0,71525;0,24149;0,2262;0,23084;0,2278;0,33435;0,35606;0,31565;0,35992;0,48406;0,46777;0,47853;0,43864;0,34178;0,37654;0,69226;0,69121;0,73650;0,74233;1;0
0,70404;0,24828;0,2415;0,23072;0,2308;0,24999;0,33435;0,17367;0,31565;0,47593;0,48406;0,48562;0,47853;0,33236;0,34178;0,69343;0,69226;0,72655;0,73650;1;0
0,71614;0,03047;0,2483;0,23120;0,2307;0,42206;0,24999;0,46686;0,17367;0,53635;0,47593;0,57764;0,48562;0,45452;0,33236;0,69549;0,69343;0,71184;0,72655;1;0
0,70314;0,03569;0,0305;0,21756;0,2312;0,37697;0,42206;0,48578;0,46686;0,52347;0,53635;0,57462;0,57764;0,42885;0,45452;0,69830;0,69549;0,71130;0,71184;1;0
0,69731;0,04375;0,0357;0,19835;0,2176;0,37133;0,37697;0,49760;0,48578;0,50513;0,52347;0,56451;0,57462;0,42300;0,42885;0,70103;0,69830;0,70717;0,71130;1;0
0,69058;0,05304;0,0437;0,18130;0,1984;0,37938;0,37133;0,56563;0,49760;0,48205;0,50513;0,56856;0,56451;0,41650;0,42300;0,70312;0,70103;0,70224;0,70717;1;0
0,69103;0,06124;0,0530;0,16788;0,1813;0,35845;0,37938;0,42369;0,56563;0,44744;0,48205;0,51648;0,56856;0,40416;0,41650;0,70480;0,70312;0,69964;0,70224;1;0
0,71704;0,06385;0,0612;0,16443;0,1679;0,42851;0,35845;0,50828;0,42369;0,46913;0,44744;0,46087;0,51648;0,46524;0,40416;0,70661;0,70480;0,69982;0,69964;1;0
0,71300;0,07522;0,0639;0,16314;0,1644;0,43173;0,42851;0,51479;0,50828;0,45964;0,46913;0,48413;0,46087;0,49155;0,46524;0,70765;0,70661;0,70179;0,69982;1;0
0,69372;0,07833;0,0752;0,16331;0,1631;0,40918;0,43173;0,49231;0,51479;0,43048;0,45964;0,48365;0,48413;0,47011;0,49155;0,70760;0,70765;0,70108;0,70179;1;0
0,66547;0,13549;0,0783;0,17407;0,1633;0,35762;0,40918;0,46980;0,49231;0,39929;0,43048;0,49274;0,48365;0,39571;0,47011;0,70614;0,70760;0,69605;0,70108;1;0
0,64709;0,20780;0,1355;0,19374;0,1741;0,27794;0,35762;0,35984;0,46980;0,38979;0,39929;0,50031;0,49274;0,31384;0,39571;0,70415;0,70614;0,68726;0,69605;1;0
0,63363;0,22540;0,2078;0,21775;0,1937;0,26102;0,27794;0,34505;0,35984;0,40741;0,38979;0,56702;0,50031;0,30084;0,31384;0,70209;0,70415;0,67058;0,68726;1;0
0,62197;0,19212;0,2254;0,23786;0,2178;0,27466;0,26102;0,37160;0,34505;0,32471;0,40741;0,47400;0,56702;0,32261;0,30084;0,70070;0,70209;0,65238;0,67058;1;0
0,63946;0,10324;0,1921;0,25624;0,2379;0,35679;0,27466;0,46980;0,37160;0,27335;0,32471;0,30423;0,47400;0,39376;0,32261;0,69803;0,70070;0,64152;0,65238;1;0
0,65022;0,06657;0,1032;0,25468;0,2562;0,40918;0,35679;0,56695;0,46980;0,27541;0,27335;0,29722;0,30423;0,45841;0,39376;0,69332;0,69803;0,63848;0,64152;1;0
0,62646;0,06534;0,0666;0,25468;0,2547;0,39064;0,40918;0,56577;0,56695;0,18552;0,27541;0,21185;0,29722;0,45971;0,45841;0,68695;0,69332;0,63435;0,63848;1;0
0,62242;0,07455;0,0653;0,21251;0,2547;0,40435;0,39064;0,56581;0,56577;0,30576;0,18552;0,40692;0,21185;0,44087;0,45971;0,67859;0,68695;0,63211;0,63435;1;0
0,63004;0,06577;0,0746;0,22013;0,2125;0,38661;0,40435;0,49232;0,56581;0,29902;0,30576;0,39585;0,40692;0,41585;0,44087;0,67480;0,67859;0,63372;0,63211;1;0
0,63229;0,06228;0,0658;0,21773;0,2201;0,37129;0,38661;0,44258;0,49232;0,30646;0,29902;0,38930;0,39585;0,42625;0,41585;0,67052;0,67480;0,63229;0,63372;1;0
0,59641;0,09064;0,0623;0,23322;0,2177;0,34950;0,37129;0,44019;0,44258;0,26915;0,30646;0,36756;0,38930;0,41326;0,42625;0,66457;0,67052;0,62152;0,63229;1;0
0,58117;0,15029;0,0906;0,25744;0,2332;0,32933;0,34950;0,41530;0,44019;0,22785;0,26915;0,29199;0,36756;0,36550;0,41326;0,65843;0,66457;0,61247;0,62152;1;0
0,56413;0,20523;0,1503;0,27887;0,2574;0,28498;0,32933;0,39575;0,41530;0,22170;0,22785;0,29696;0,29199;0,31709;0,36550;0,65083;0,65843;0,60081;0,61247;1;0
0,55650;0,20604;0,2052;0,30208;0,2789;0,26724;0,28498;0,39395;0,39575;0,21896;0,22170;0,30852;0,29696;0,31644;0,31709;0,64350;0,65083;0,58610;0,60081;1;0
0,60090;0,12705;0,2060;0,29518;0,3021;0,41161;0,26724;0,51606;0,39395;0,29623;0,21896;0,38317;0,30852;0,43827;0,31644;0,63868;0,64350;0,57982;0,58610;1;0
0,54215;0,15143;0,1270;0,31927;0,2952;0,33330;0,41161;0,47333;0,51606;0,20673;0,29623;0,34222;0,38317;0,41975;0,43827;0,63126;0,63868;0,56897;0,57982;0;0
0,56457;0,14373;0,1514;0,31958;0,3193;0,40435;0,33330;0,55821;0,47333;0,20143;0,20673;0,32217;0,34222;0,43990;0,41975;0,62493;0,63126;0,56565;0,56897;0;0
0,55336;0,14901;0,1437;0,29919;0,3196;0,39789;0,40435;0,56652;0,55821;0,19056;0,20143;0,32112;0,32217;0,41878;0,43990;0,61675;0,62493;0,56350;0,56565;0;0
0,55471;0,15015;0,1490;0,26817;0,2992;0,32042;0,39789;0,40343;0,56652;0,22166;0,19056;0,36594;0,32112;0,39084;0,41878;0,60883;0,61675;0,56314;0,56350;0;0
0,55874;0,04420;0,1501;0,23971;0,2682;0,43343;0,32042;0,54402;0,40343;0,27038;0,22166;0,42545;0,36594;0,46654;0,39084;0,60209;0,60883;0,55471;0,56314;0;0
0,55291;0,01917;0,0442;0,22762;0,2397;0,38254;0,43343;0,45439;0,54402;0,28933;0,27038;0,44664;0,42545;0,43665;0,46654;0,59646;0,60209;0,55686;0,55471;0;0
0,55157;0,00331;0,0192;0,22202;0,2276;0,40031;0,38254;0,47219;0,45439;0,30762;0,28933;0,44716;0,44664;0,44574;0,43665;0,59168;0,59646;0,55426;0,55686;0;0
0,55112;0,00586;0,0033;0,21945;0,2220;0,39708;0,40031;0,52678;0,47219;0,32456;0,30762;0,52142;0,44716;0,43925;0,44574;0,58756;0,59168;0,55381;0,55426;0;0
0,55695;0,00816;0,0059;0,21683;0,2194;0,40031;0,39708;0,44609;0,52678;0,30695;0,32456;0,54663;0,52142;0,44574;0,43925;0,58430;0,58756;0,55426;0,55381;0;0
0,58789;0,09942;0,0082;0,19811;0,2168;0,46655;0,40031;0,53213;0,44609;0,33752;0,30695;0,56791;0,54663;0,50422;0,44574;0,58173;0,58430;0,56009;0,55426;0;0
0,60135;0,15556;0,0994;0,16947;0,1981;0,49320;0,46655;0,53865;0,53213;0,39382;0,33752;0,67725;0,56791;0,54841;0,50422;0,57928;0,58173;0,56978;0,56009;0;0
0,61614;0,19109;0,1556;0,16342;0,1695;0,52067;0,49320;0,56121;0,53865;0,42233;0,39382;0,60854;0,67725;0,57602;0,54841;0,57877;0,57928;0,58269;0,56978;0;0
0,59776;0,14657;0,1911;0,15207;0,1634;0,47704;0,52067;0,52678;0,56121;0,38296;0,42233;0,58420;0,60854;0,52924;0,57602;0,57753;0,57877;0,59202;0,58269;0;0
0,60269;0,05841;0,1466;0,13548;0,1521;0,43018;0,47704;0,44371;0,52678;0,38704;0,38296;0,58167;0,58420;0,46849;0,52924;0,57617;0,57753;0,60117;0,59202;0;0
0,61570;0,04659;0,0584;0,12229;0,1355;0,42936;0,43018;0,42356;0,44371;0,46105;0,38704;0,66483;0,58167;0,46069;0,46849;0,57534;0,57617;0,60673;0,60117;0;0
0,60269;0,04517;0,0466;0,12485;0,1223;0,37934;0,42936;0,36673;0,42356;0,46446;0,46105;0,69831;0,66483;0,44314;0,46069;0,57565;0,57534;0,60700;0,60673;0;0
0,61749;0,04798;0,0452;0,13830;0,1248;0,43905;0,37934;0,44253;0,36673;0,51273;0,46446;0,73900;0,69831;0,47823;0,44314;0,57747;0,57565;0,60726;0,60700;0;0
0,64843;0,12156;0,0480;0,17116;0,1383;0,48585;0,43905;0,51130;0,44253;0,57121;0,51273;0,78475;0,73900;0,51722;0,47823;0,58168;0,57747;0,61740;0,60726;0;0
0,66413;0,17233;0,1216;0,20658;0,1712;0,49067;0,48585;0,51543;0,51130;0,52762;0,57121;0,69426;0,78475;0,55296;0,51722;0,58706;0,58168;0,62969;0,61740;0;0
0,61794;0,17019;0,1723;0,21099;0,2066;0,43098;0,49067;0,50835;0,51543;0,54677;0,52762;0,77566;0,69426;0,50552;0,55296;0,58791;0,58706;0,63013;0,62969;0;0
0,55605;0,28976;0,1702;0,20455;0,2110;0,29302;0,43098;0,36318;0,50835;0,41892;0,54677;0,68409;0,77566;0,33853;0,50552;0,58861;0,58791;0,62081;0,63013;0;0
0,53812;0,39600;0,2898;0,21590;0,2045;0,20521;0,29302;0,26445;0,36318;0,40872;0,41892;0,68461;0,68409;0,21150;0,33853;0,58729;0,58861;0,60493;0,62081;0;0
0,59103;0,35472;0,3960;0,20888;0,2159;0,27217;0,20521;0,31006;0,26445;0,48691;0,40872;0,71973;0,68461;0,28590;0,21150;0,58917;0,58729;0,59345;0,60493;0;0
0,56143;0,21685;0,3547;0,20639;0,2089;0,30189;0,27217;0,37562;0,31006;0,43592;0,48691;0,64514;0,71973;0,39311;0,28590;0,58951;0,58917;0,57291;0,59345;0;0
0,55471;0,12588;0,2168;0,20795;0,2064;0,40112;0,30189;0,54992;0,37562;0,43456;0,43592;0,62996;0,64514;0,46459;0,39311;0,58930;0,58951;0,56027;0,57291;0;0
0,59462;0,16270;0,1259;0,19965;0,2080;0,50535;0,40112;0,69138;0,54992;0,49711;0,43456;0,66297;0,62996;0,50520;0,46459;0,59139;0,58930;0,56798;0,56027;0;0
0,60269;0,14153;0,1627;0,18980;0,1997;0,42453;0,50535;0,58250;0,69138;0,51003;0,49711;0,65993;0,66297;0,49058;0,50520;0,59395;0,59139;0,58090;0,56798;0;0
0,58879;0,13973;0,1415;0,17764;0,1898;0,45280;0,42453;0,58139;0,58250;0,48011;0,51003;0,65077;0,65993;0,52404;0,49058;0,59583;0,59395;0,58045;0,58090;0;0
0,58206;0,11889;0,1397;0,16850;0,1776;0,45281;0,45280;0,50839;0,58139;0,42301;0,48011;0,58532;0,65077;0,48506;0,52404;0,59709;0,59583;0,58457;0,58045;0;0
0,58655;0,04206;0,1189;0,16869;0,1685;0,38901;0,45281;0,38505;0,50839;0,40942;0,42301;0,53317;0,58532;0,42300;0,48506;0,59702;0,59709;0,59094;0,58457;0;0
0,58655;0,04122;0,0421;0,16923;0,1687;0,37449;0,38901;0,43366;0,38505;0,38702;0,40942;0,49522;0,53317;0,42463;0,42300;0,59628;0,59702;0,58933;0,59094;0;0
0,57040;0,03770;0,0412;0,17040;0,1692;0,37044;0,37449;0,40994;0,43366;0,39040;0,38702;0,52709;0,49522;0,42625;0,42463;0,59399;0,59628;0,58287;0,58933;0;0
0,56502;0,05602;0,0377;0,17561;0,1704;0,37286;0,37044;0,41171;0,40994;0,37478;0,39040;0,51240;0,52709;0,41326;0,42625;0,59235;0,59399;0,57812;0,58287;0;0
0,55291;0,09027;0,0560;0,18431;0,1756;0,34300;0,37286;0,43660;0,41171;0,33677;0,37478;0,42897;0,51240;0,38532;0,41326;0,58987;0,59235;0,57229;0,57812;0;0
0,55202;0,08827;0,0903;0,18792;0,1843;0,34138;0,34300;0,44608;0,43660;0,35509;0,33677;0,44008;0,42897;0,38694;0,38532;0,58668;0,58987;0,56538;0,57229;0;0
0,55291;0,04591;0,0883;0,19271;0,1879;0,37205;0,34138;0,47159;0,44608;0,33406;0,35509;0,38855;0,44008;0,41488;0,38694;0,58419;0,58668;0,55865;0,56538;0;0
0,56951;0,04364;0,0459;0,18633;0,1927;0,41162;0,37205;0,49889;0,47159;0,31240;0,33406;0,32905;0,38855;0,45614;0,41488;0,58179;0,58419;0,55848;0,55865;0;0
0,55381;0,03816;0,0436;0,15854;0,1863;0,40515;0,41162;0,51610;0,49889;0,26495;0,31240;0,32607;0,32905;0,46361;0,45614;0,57706;0,58179;0,55623;0,55848;0;0
0,56726;0,04622;0,0382;0,09176;0,1585;0,43100;0,40515;0,53629;0,51610;0,35511;0,26495;0,37894;0,32607;0,47238;0,46361;0,57222;0,57706;0,55910;0,55623;1;0
0,58027;0,06824;0,0462;0,06898;0,0918;0,45281;0,43100;0,52976;0,53629;0,46855;0,35511;0,55852;0,37894;0,48765;0,47238;0,57034;0,57222;0,56475;0,55910;1;0
0,57623;0,05822;0,0682;0,06673;0,0690;0,41565;0,45281;0,47338;0,52976;0,48965;0,46855;0,58186;0,55852;0,47856;0,48765;0,57135;0,57034;0,56942;0,56475;1;0
0,53139;0,12971;0,0582;0,07247;0,0667;0,36315;0,41565;0,43956;0,47338;0,34148;0,48965;0,41325;0,58186;0,42365;0,47856;0,57101;0,57135;0,56179;0,56942;1;0
0,47130;0,32127;0,1297;0,15180;0,0725;0,23073;0,36315;0,32334;0,43956;0,29520;0,34148;0,41669;0,41325;0,27518;0,42365;0,56502;0,57101;0,54529;0,56179;1;0
0,47623;0,37099;0,3213;0,20175;0,1518;0,21624;0,23073;0,29672;0,32334;0,31286;0,29520;0,43086;0,41669;0,22287;0,27518;0,56076;0,56502;0,52709;0,54529;1;0
0,44215;0,38095;0,3710;0,27336;0,2017;0,16213;0,21624;0,28420;0,29672;0,20086;0,31286;0,30099;0,43086;0,21540;0,22287;0,55513;0,56076;0,49946;0,52709;1;0
0,40987;0,31712;0,3809;0,35023;0,2734;0,18454;0,16213;0,33915;0,28420;0,13977;0,20086;0,24593;0,30099;0,25244;0,21540;0,54590;0,55513;0,46619;0,49946;1;0
0,41704;0,20772;0,3171;0,39366;0,3502;0,30564;0,18454;0,52555;0,33915;0,17162;0,13977;0,29182;0,24593;0,32294;0,25244;0,53661;0,54590;0,44332;0,46619;1;0
0,36368;0,29129;0,2077;0,47424;0,3937;0,20048;0,30564;0,45881;0,52555;0,10091;0,17162;0,28151;0,29182;0,26836;0,32294;0,52536;0,53661;0,42179;0,44332;1;0
0,34664;0,27589;0,2913;0,54785;0,4742;0,23110;0,20048;0,52121;0,45881;0,06833;0,10091;0,26731;0,28151;0,27778;0,26836;0,51359;0,52536;0,39587;0,42179;1;0
0,34798;0,23501;0,2759;0,59726;0,5479;0,29175;0,23110;0,54936;0,52121;0,07037;0,06833;0,28545;0,26731;0,30897;0,27778;0,50166;0,51359;0,37704;0,39587;0;0
0,37578;0,19641;0,2350;0,61293;0,5973;0,32902;0,29175;0,48761;0,54936;0,13686;0,07037;0,33252;0,28545;0,37849;0,30897;0,49112;0,50166;0,37022;0,37704;0;0
0,36592;0,07530;0,1964;0,63033;0,6129;0,40759;0,32902;0,62290;0,48761;0,13003;0,13686;0,33903;0,33252;0,47401;0,37849;0,48090;0,49112;0,36000;0,37022;0;0
0,38251;0,10266;0,0753;0,63253;0,6303;0,46843;0,40759;0,64508;0,62290;0,17347;0,13003;0,39971;0,33903;0,51462;0,47401;0,47177;0,48090;0,36377;0,36000;0;0
0,39372;0,11153;0,1027;0,62839;0,6325;0,48627;0,46843;0,61348;0,64508;0,19182;0,17347;0,39977;0,39971;0,52079;0,51462;0,46381;0,47177;0,37318;0,36377;0;0
0,37534;0,05921;0,1115;0,62481;0,6284;0,40273;0,48627;0,52460;0,61348;0,16259;0,19182;0,39361;0,39977;0,46914;0,52079;0,45498;0,46381;0,37865;0,37318;0;0
0,38475;0,06036;0,0592;0,61024;0,6248;0,43759;0,40273;0,49245;0,52460;0,15181;0,16259;0,40169;0,39361;0,47173;0,46914;0,44657;0,45498;0,38045;0,37865;0;0
0,38565;0,03189;0,0604;0,57773;0,6102;0,40921;0,43759;0,42694;0,49245;0,17687;0,15181;0,45576;0,40169;0,44769;0,47173;0,43738;0,44657;0,38439;0,38045;0;0
0,39821;0,04845;0,0319;0,54313;0,5777;0,41164;0,40921;0,41564;0,42694;0,17558;0,17687;0,38764;0,45576;0,46361;0,44769;0,42960;0,43738;0,38753;0,38439;0;0
0,38430;0,04348;0,0484;0,49099;0,5431;0,41975;0,41164;0,48292;0,41564;0,13488;0,17558;0,27303;0,38764;0,47238;0,46361;0,42045;0,42960;0,38565;0,38753;0;0
0,40224;0,04616;0,0435;0,40583;0,4910;0,43515;0,41975;0,46862;0,48292;0,16815;0,13488;0,28217;0,27303;0,47401;0,47238;0,41155;0,42045;0,39103;0,38565;0;0
0,41659;0,08115;0,0462;0,29470;0,4058;0,45946;0,43515;0,50732;0,46862;0,25770;0,16815;0,45904;0,28217;0,49740;0,47401;0,40357;0,41155;0,39740;0,39103;0;0
0,41659;0,08383;0,0812;0,20869;0,2947;0,43676;0,45946;0,48886;0,50732;0,34875;0,25770;0,56151;0,45904;0,49968;0,49740;0,39783;0,40357;0,40359;0,39740;0;0
0,40987;0,08269;0,0838;0,17453;0,2087;0,44974;0,43676;0,49243;0,48886;0,33106;0,34875;0,53512;0,56151;0,49708;0,49968;0,39475;0,39783;0,40592;0,40359;0;0
0,40807;0,02813;0,0827;0,12452;0,1745;0,41407;0,44974;0,45493;0,49243;0,38005;0,33106;0,65546;0,53512;0,45322;0,49708;0,39135;0,39475;0,41067;0,40592;0;0
0,40448;0,02266;0,0281;0,10238;0,1245;0,38167;0,41407;0,41330;0,45493;0,42366;0,38005;0,73389;0,65546;0,42593;0,45322;0,38946;0,39135;0,41112;0,41067;0;0
0,39462;0,04279;0,0227;0,09853;0,1024;0,36385;0,38167;0,41687;0,41330;0,39775;0,42366;0,69061;0,73389;0,41391;0,42593;0,38870;0,38946;0,40673;0,41112;0;0
0,36906;0,10756;0,0428;0,09328;0,0985;0,32982;0,36385;0,38237;0,41687;0,44003;0,39775;0,77533;0,69061;0,38077;0,41391;0,38630;0,38870;0,39722;0,40673;0;0
0,38565;0,09939;0,1076;0,08782;0,0933;0,36303;0,32982;0,43292;0,38237;0,49124;0,44003;0,83818;0,77533;0,39149;0,38077;0,38740;0,38630;0,39238;0,39722;0;0
